writer,accuracy,n_rows,rank
f3642_03,0.75,72,1
f2023_12,0.7835051546391752,97,2
f1331_49,0.797979797979798,99,3
f2564_59,0.8076923076923077,104,4
f2230_67,0.819047619047619,105,5
f2145_89,0.8333333333333334,96,6
f2307_62,0.8380952380952381,105,7
f3211_20,0.8442622950819673,122,8
f3200_41,0.8467741935483871,124,9
f0048_00,0.85,60,10
f2524_58,0.8571428571428571,91,11
f3151_13,0.8571428571428571,119,12
f2470_80,0.8615384615384616,130,13
f2422_85,0.8627450980392157,102,14
f0719_05,0.873015873015873,63,15
f2596_86,0.873015873015873,126,16
f1209_31,0.875,24,17
f2248_68,0.8762886597938144,97,18
f2206_73,0.88,100,19
f2499_74,0.8807339449541285,109,20
f3951_47,0.8888888888888888,90,21
f2563_91,0.8907563025210085,119,22
f2213_72,0.8923076923076924,130,23
f2526_71,0.8925619834710744,121,24
f2126_57,0.8928571428571429,112,25
f2472_83,0.8932038834951457,103,26
f2304_67,0.8942307692307693,104,27
f0052_42,0.8947368421052632,19,28
f2158_68,0.896551724137931,87,29
f3462_15,0.8968253968253969,126,30
f0394_00,0.897196261682243,107,31
f2157_61,0.8974358974358975,117,32
f2362_73,0.8990825688073395,109,33
f2548_84,0.9032258064516129,124,34
f2598_92,0.9038461538461539,104,35
f2381_54,0.9065420560747663,107,36
f1656_24,0.9067796610169492,118,37
f3545_06,0.9067796610169492,118,38
f2297_69,0.907563025210084,119,39
f3328_45,0.9076923076923077,130,40
f3635_09,0.9090909090909091,110,41
f2503_57,0.9098360655737705,122,42
f2128_52,0.9107142857142857,112,43
f0507_19,0.912621359223301,103,44
f0790_06,0.9130434782608695,69,45
f1016_36,0.9142857142857143,70,46
f0532_09,0.9153846153846154,130,47
f3503_07,0.9153846153846154,130,48
f3784_14,0.9157894736842105,95,49
f4010_12,0.9159663865546218,119,50
f3670_40,0.9173553719008265,121,51
f2221_70,0.9180327868852459,122,52
f2153_90,0.9186046511627907,86,53
f3320_18,0.9193548387096774,124,54
f0184_49,0.92,100,55
f1668_08,0.9203539823008849,113,56
f2566_51,0.921875,128,57
f0286_16,0.9222222222222223,90,58
f2199_64,0.9222222222222223,90,59
f0236_17,0.9224137931034483,116,60
f2238_86,0.9230769230769231,117,61
f2146_84,0.923728813559322,118,62
f2250_52,0.923728813559322,118,63
f0105_03,0.9239130434782609,92,64
f0289_10,0.9253731343283582,67,65
f0476_07,0.9253731343283582,67,66
f2583_71,0.9263157894736842,95,67
f0447_21,0.9264705882352942,68,68
f3181_10,0.926605504587156,109,69
f2197_62,0.9278350515463918,97,70
f2330_95,0.9285714285714286,112,71
f2514_50,0.9285714285714286,126,72
f3640_13,0.9292035398230089,113,73
f0932_44,0.9292929292929293,99,74
f0426_47,0.9298245614035088,57,75
f3538_29,0.93,100,76
f2164_60,0.9302325581395349,129,77
f2220_72,0.9304347826086956,115,78
f2502_59,0.9304347826086956,115,79
f3575_04,0.9304347826086956,115,80
f0291_06,0.9306930693069307,101,81
f3522_46,0.9307692307692308,130,82
f2593_72,0.9310344827586207,116,83
f3135_37,0.9312977099236641,131,84
f2399_85,0.9316239316239316,117,85
f3293_30,0.9316239316239316,117,86
f2431_93,0.9320388349514563,103,87
f3995_18,0.9325842696629213,89,88
f3705_48,0.9326923076923077,104,89
f0915_03,0.9342105263157895,76,90
f2333_98,0.9344262295081968,122,91
f2282_53,0.9345794392523364,107,92
f2277_92,0.9349593495934959,123,93
f2525_62,0.9349593495934959,123,94
f2386_82,0.9354838709677419,124,95
f2419_83,0.9354838709677419,124,96
f2508_71,0.9354838709677419,124,97
f3269_06,0.9361702127659575,94,98
f3457_40,0.9363636363636364,110,99
f2134_58,0.9369369369369369,111,100
f2511_52,0.9375,128,101
f2520_64,0.9375,128,102
f3353_33,0.9375,112,103
f0232_28,0.9384615384615385,65,104
f1322_16,0.9384615384615385,65,105
f2322_80,0.9384615384615385,130,106
f0174_06,0.9385964912280702,114,107
f2317_76,0.9385964912280702,114,108
f3566_36,0.9385964912280702,114,109
f2312_87,0.9391304347826087,115,110
f2372_55,0.9396551724137931,116,111
f3104_25,0.9396551724137931,116,112
f1302_15,0.9404761904761905,84,113
f2254_72,0.9405940594059405,101,114
f1786_08,0.9411764705882353,85,115
f2244_94,0.9411764705882353,119,116
f2306_63,0.9411764705882353,119,117
f3201_07,0.9416666666666667,120,118
f2267_78,0.941747572815534,103,119
f3613_20,0.941747572815534,103,120
f1280_21,0.9420289855072463,69,121
f2389_86,0.9426229508196722,122,122
f2377_66,0.9435483870967742,124,123
f1348_27,0.9436619718309859,71,124
f0474_10,0.9438202247191011,89,125
f2370_67,0.944,125,126
f1154_00,0.9444444444444444,72,127
f1750_06,0.9444444444444444,126,128
f3220_48,0.9444444444444444,126,129
f3334_16,0.9444444444444444,108,130
f0498_06,0.945054945054945,91,131
f2162_62,0.9454545454545454,110,132
f4001_45,0.9457364341085271,129,133
f0619_33,0.9459459459459459,111,134
f3212_36,0.9461538461538461,130,135
f0363_43,0.9464285714285714,56,136
f3839_11,0.9464285714285714,112,137
f0061_45,0.9473684210526315,114,138
f0221_37,0.9482758620689655,116,139
f2328_92,0.9482758620689655,116,140
f0637_21,0.9489795918367347,98,141
f2405_90,0.9491525423728814,118,142
f3240_48,0.9493670886075949,79,143
f2516_59,0.9495798319327731,119,144
f2021_30,0.95,120,145
f2427_89,0.95,120,146
f3344_26,0.95,120,147
f2247_97,0.9504950495049505,101,148
f2469_50,0.9508196721311475,122,149
f3178_23,0.9508196721311475,122,150
f3556_19,0.9509803921568627,102,151
f0324_42,0.9514563106796117,103,152
f0369_34,0.9514563106796117,103,153
f0152_02,0.9516129032258065,124,154
f3207_05,0.9516129032258065,124,155
f2193_99,0.9523809523809523,126,156
f3949_09,0.9523809523809523,126,157
f0084_19,0.9528301886792453,106,158
f2555_88,0.953125,128,159
f3171_30,0.953125,128,160
f3324_05,0.953125,128,161
f0340_05,0.9532710280373832,107,162
f1672_35,0.9534883720930233,86,163
f2106_66,0.9534883720930233,129,164
f2191_53,0.9534883720930233,129,165
f1924_29,0.9537037037037037,108,166
f3156_26,0.9538461538461539,130,167
f3608_13,0.9538461538461539,130,168
f3891_31,0.9538461538461539,130,169
f3565_45,0.9541284403669725,109,170
f2415_79,0.9545454545454546,110,171
f2286_50,0.954954954954955,111,172
f2232_76,0.9550561797752809,89,173
f1149_46,0.9552238805970149,67,174
f4070_43,0.9553571428571429,112,175
f1245_39,0.9560439560439561,91,176
f0822_30,0.956140350877193,114,177
f2208_81,0.956140350877193,114,178
f3317_25,0.956140350877193,114,179
f2139_75,0.9565217391304348,92,180
f2533_94,0.9565217391304348,115,181
f3180_41,0.9565217391304348,92,182
f3284_38,0.9565217391304348,115,183
f2438_76,0.9568965517241379,116,184
f0418_21,0.9571428571428572,70,185
f2443_80,0.9571428571428572,70,186
f2150_52,0.9572649572649573,117,187
f2478_68,0.9574468085106383,94,188
f0023_08,0.9576271186440678,118,189
f3358_28,0.9576271186440678,118,190
f0624_32,0.9578947368421052,95,191
f0994_46,0.9578947368421052,95,192
f2350_98,0.957983193277311,119,193
f3463_16,0.957983193277311,119,194
f3880_29,0.957983193277311,119,195
f4042_33,0.957983193277311,119,196
f1523_03,0.9583333333333334,72,197
f3326_06,0.9586776859504132,121,198
f0056_01,0.9587628865979382,97,199
f3476_46,0.9590163934426229,122,200
f2582_70,0.959349593495935,123,201
f1084_48,0.9596774193548387,124,202
f2572_63,0.9596774193548387,124,203
f3984_32,0.9596774193548387,124,204
f0356_41,0.96,100,205
f0378_12,0.96,100,206
f2409_51,0.96,125,207
f3492_35,0.96,125,208
f0153_35,0.9603174603174603,126,209
f2111_87,0.9603174603174603,126,210
f2485_77,0.9603174603174603,126,211
f3669_35,0.9603174603174603,126,212
f3577_03,0.9606299212598425,127,213
f0334_01,0.9607843137254902,102,214
f3411_09,0.9609375,128,215
f3633_29,0.9609375,128,216
f1221_17,0.961038961038961,77,217
f3975_15,0.9612403100775194,129,218
f1674_35,0.9615384615384616,78,219
f3149_41,0.9615384615384616,104,220
f0222_06,0.9619047619047619,105,221
f0384_36,0.9619047619047619,105,222
f3826_07,0.9619047619047619,105,223
f0464_48,0.9620253164556962,79,224
f1839_31,0.9622641509433962,106,225
f0423_04,0.9626168224299065,107,226
f2133_68,0.9629629629629629,108,227
f2205_74,0.9629629629629629,108,228
f1105_31,0.963302752293578,109,229
f2565_57,0.963302752293578,109,230
f0005_26,0.9634146341463414,82,231
f0403_29,0.963963963963964,111,232
f1719_12,0.963963963963964,111,233
f2227_89,0.963963963963964,111,234
f3226_21,0.963963963963964,111,235
f1410_19,0.9642857142857143,56,236
f2550_79,0.9642857142857143,112,237
f2434_59,0.9649122807017544,114,238
f3338_15,0.9649122807017544,114,239
f3412_27,0.9649122807017544,114,240
f2487_92,0.9651162790697675,86,241
f0488_39,0.9652173913043478,115,242
f3534_47,0.9652173913043478,115,243
f3658_27,0.9652173913043478,115,244
f0387_49,0.9655172413793104,116,245
f2163_51,0.9655172413793104,116,246
f2132_69,0.9658119658119658,117,247
f2259_68,0.9658119658119658,117,248
f2274_95,0.9658119658119658,117,249
f3956_26,0.9658119658119658,117,250
f0817_40,0.9659090909090909,88,251
f1254_34,0.9661016949152542,118,252
f0808_46,0.9662921348314607,89,253
f2231_55,0.9663865546218487,119,254
f2285_54,0.9663865546218487,119,255
f0238_02,0.9666666666666667,90,256
f0325_17,0.9666666666666667,90,257
f0416_07,0.9666666666666667,60,258
f1772_12,0.9666666666666667,90,259
f2051_15,0.9666666666666667,120,260
f2349_78,0.9666666666666667,90,261
f3436_22,0.9666666666666667,120,262
f3698_01,0.9666666666666667,120,263
f1619_37,0.9669421487603306,121,264
f2272_85,0.9669421487603306,121,265
f0146_33,0.967032967032967,91,266
f2309_54,0.967032967032967,91,267
f0531_48,0.9672131147540983,122,268
f2396_91,0.9672131147540983,122,269
f3115_25,0.9672131147540983,122,270
f3628_27,0.9672131147540983,122,271
f0760_23,0.967391304347826,92,272
f0059_21,0.967479674796748,123,273
f0436_17,0.967479674796748,123,274
f2461_99,0.967479674796748,123,275
f2517_63,0.967479674796748,123,276
f3572_03,0.967479674796748,123,277
f0045_12,0.967741935483871,124,278
f0494_20,0.967741935483871,124,279
f0741_44,0.967741935483871,31,280
f2354_87,0.968,125,281
f3707_32,0.968,125,282
f4074_12,0.9680851063829787,94,283
f2188_71,0.9682539682539683,126,284
f2234_78,0.9682539682539683,126,285
f2273_84,0.9682539682539683,126,286
f3367_07,0.9682539682539683,126,287
f0229_10,0.968421052631579,95,288
f0376_05,0.96875,96,289
f1068_20,0.96875,64,290
f1228_30,0.96875,64,291
f2504_69,0.96875,64,292
f3539_44,0.96875,128,293
f0370_20,0.9690721649484536,97,294
f0753_05,0.9690721649484536,97,295
f2420_84,0.9692307692307692,130,296
f3578_27,0.9692307692307692,130,297
f3583_09,0.9692307692307692,130,298
f4026_43,0.9692307692307692,130,299
f1641_09,0.9693877551020408,98,300
f2491_71,0.9696969696969697,99,301
f0497_00,0.9702970297029703,101,302
f0655_10,0.9702970297029703,101,303
f0201_34,0.9705882352941176,102,304
f0390_33,0.9705882352941176,102,305
f0388_26,0.970873786407767,103,306
f0083_09,0.9711538461538461,104,307
f0533_32,0.9711538461538461,104,308
f3172_42,0.9711538461538461,104,309
f3636_24,0.9711538461538461,104,310
f1507_20,0.9714285714285714,105,311
f2170_68,0.9714285714285714,105,312
f1504_10,0.9716981132075472,106,313
f0029_05,0.9719626168224299,107,314
f0469_20,0.9719626168224299,107,315
f2005_01,0.9719626168224299,107,316
f0223_49,0.9722222222222222,108,317
f0282_04,0.9722222222222222,72,318
f2441_83,0.9722222222222222,108,319
f3296_35,0.9722222222222222,72,320
f0123_28,0.9724770642201835,109,321
f1463_23,0.9724770642201835,109,322
f1269_14,0.9726027397260274,73,323
f0499_10,0.9727272727272728,110,324
f0006_12,0.9732142857142857,112,325
f2151_92,0.9732142857142857,112,326
f0214_05,0.9734513274336283,113,327
f0368_39,0.9734513274336283,113,328
f2379_68,0.9736842105263158,114,329
f3105_03,0.9736842105263158,114,330
f2154_77,0.9739130434782609,115,331
f2265_80,0.9739130434782609,115,332
f2352_97,0.9739130434782609,115,333
f3901_45,0.974025974025974,77,334
f0210_17,0.9741379310344828,116,335
f2115_77,0.9741379310344828,116,336
f2590_60,0.9741379310344828,116,337
f3189_40,0.9741379310344828,116,338
f3236_26,0.9741379310344828,116,339
f0067_25,0.9743589743589743,78,340
f0316_21,0.9743589743589743,117,341
f2314_53,0.9743589743589743,117,342
f2521_66,0.9743589743589743,117,343
f3739_34,0.9743589743589743,117,344
f3393_08,0.9745762711864406,118,345
f0055_09,0.9747899159663865,119,346
f0248_43,0.9747899159663865,119,347
f0336_37,0.9747899159663865,119,348
f0662_29,0.9747899159663865,119,349
f2442_81,0.9747899159663865,119,350
f2597_88,0.9747899159663865,119,351
f0038_42,0.975,80,352
f2475_66,0.975,120,353
f3235_00,0.975,120,354
f3557_12,0.975,120,355
f1181_27,0.9754098360655737,122,356
f2459_55,0.9754098360655737,122,357
f3467_12,0.9754098360655737,122,358
f3559_23,0.9754098360655737,122,359
f0546_38,0.975609756097561,82,360
f1274_24,0.975609756097561,123,361
f1297_30,0.975609756097561,82,362
f1513_07,0.975609756097561,82,363
f3535_09,0.975609756097561,123,364
f0283_31,0.9758064516129032,124,365
f1497_28,0.9758064516129032,124,366
f3469_10,0.9758064516129032,124,367
f0642_27,0.9759036144578314,83,368
f0383_43,0.976,125,369
f2181_63,0.976,125,370
f2210_96,0.976,125,371
f0212_24,0.9761904761904762,84,372
f0480_41,0.9761904761904762,84,373
f0493_05,0.9761904761904762,126,374
f0576_01,0.9761904761904762,84,375
f0874_26,0.9761904761904762,126,376
f2289_62,0.9761904761904762,126,377
f3159_16,0.9761904761904762,126,378
f3352_39,0.9761904761904762,126,379
f3473_21,0.9761904761904762,126,380
f3879_35,0.9761904761904762,126,381
f0629_39,0.9763779527559056,127,382
f3247_40,0.9763779527559056,127,383
f2341_65,0.9765625,128,384
f2573_61,0.9765625,128,385
f3219_49,0.9765625,128,386
f3285_15,0.9765625,128,387
f2179_58,0.9767441860465116,129,388
f2376_57,0.9767441860465116,129,389
f3366_32,0.9767441860465116,129,390
f3402_08,0.9767441860465116,129,391
f0335_14,0.9769230769230769,130,392
f2214_70,0.9769230769230769,130,393
f2305_60,0.9769230769230769,130,394
f2402_75,0.9769230769230769,130,395
f3209_08,0.9769230769230769,130,396
f3379_03,0.9769230769230769,130,397
f0375_07,0.9770114942528736,87,398
f0729_08,0.9770114942528736,87,399
f1733_23,0.9770114942528736,87,400
f0257_46,0.9772727272727273,88,401
f3493_27,0.9774436090225563,133,402
f1100_46,0.9777777777777777,45,403
f0148_21,0.9782608695652174,46,404
f2589_78,0.9782608695652174,92,405
f0386_15,0.978494623655914,93,406
f0902_17,0.978494623655914,93,407
f0707_44,0.9787234042553191,94,408
f0810_40,0.9787234042553191,94,409
f0247_12,0.9791666666666666,96,410
f0459_12,0.9791666666666666,96,411
f0268_19,0.979381443298969,97,412
f1983_00,0.9795918367346939,98,413
f1395_14,0.9797979797979798,99,414
f0114_20,0.98,100,415
f0145_33,0.98,100,416
f2152_98,0.98,100,417
f0103_28,0.9801980198019802,101,418
f0406_00,0.9801980198019802,101,419
f0678_26,0.9801980198019802,101,420
f0724_37,0.9801980198019802,101,421
f3512_31,0.9801980198019802,101,422
f3519_18,0.9801980198019802,101,423
f4050_05,0.9801980198019802,101,424
f0253_40,0.9803921568627451,102,425
f0471_15,0.9803921568627451,102,426
f0013_38,0.9805825242718447,103,427
f0685_40,0.9805825242718447,103,428
f0179_22,0.9807692307692307,104,429
f0288_48,0.9807692307692307,104,430
f1054_20,0.9807692307692307,104,431
f3726_09,0.9807692307692307,104,432
f0272_13,0.9809523809523809,105,433
f0244_47,0.9811320754716981,53,434
f1919_17,0.9811320754716981,106,435
f3301_38,0.9811320754716981,106,436
f0041_30,0.9813084112149533,107,437
f0997_34,0.9813084112149533,107,438
f2500_50,0.9813084112149533,107,439
f0002_01,0.9814814814814815,108,440
f1430_10,0.9814814814814815,108,441
f1894_39,0.9814814814814815,108,442
f2054_13,0.9814814814814815,108,443
f3255_43,0.9814814814814815,108,444
f0018_13,0.981651376146789,109,445
f0170_40,0.981651376146789,109,446
f0205_15,0.981651376146789,109,447
f0106_05,0.9818181818181818,110,448
f2310_51,0.9818181818181818,110,449
f3664_18,0.9818181818181818,110,450
f0075_46,0.9819819819819819,111,451
f0276_07,0.9819819819819819,111,452
f0944_27,0.9819819819819819,111,453
f0313_43,0.9821428571428571,112,454
f1346_08,0.9821428571428571,112,455
f3694_44,0.9821428571428571,112,456
f1920_09,0.9823008849557522,113,457
f3119_39,0.9823008849557522,113,458
f3948_41,0.9823008849557522,113,459
f0080_14,0.9824561403508771,114,460
f0523_42,0.9824561403508771,114,461
f1180_21,0.9824561403508771,114,462
f1854_17,0.9824561403508771,57,463
f2256_71,0.9824561403508771,114,464
f0095_41,0.9826086956521739,115,465
f1219_26,0.9826086956521739,115,466
f1824_18,0.9826086956521739,115,467
f0182_29,0.9827586206896551,58,468
f1612_47,0.9827586206896551,116,469
f3221_05,0.9827586206896551,116,470
f0131_03,0.9829059829059829,117,471
f0297_05,0.9829059829059829,117,472
f0405_20,0.9829059829059829,117,473
f1695_12,0.9829059829059829,117,474
f1933_13,0.9829059829059829,117,475
f0147_13,0.9830508474576272,118,476
f0717_46,0.9830508474576272,118,477
f1658_04,0.9830508474576272,118,478
f2195_64,0.9830508474576272,118,479
f2211_73,0.9830508474576272,118,480
f2241_88,0.9830508474576272,118,481
f2560_93,0.9830508474576272,118,482
f3311_03,0.9830508474576272,118,483
f3316_22,0.9830508474576272,118,484
f3878_43,0.9830508474576272,118,485
f0019_38,0.9831932773109243,119,486
f0040_25,0.9831932773109243,119,487
f0168_36,0.9831932773109243,119,488
f3121_43,0.9831932773109243,119,489
f3448_15,0.9831932773109243,119,490
f4063_09,0.9831932773109243,119,491
f0354_10,0.9833333333333333,60,492
f0504_29,0.9833333333333333,120,493
f3313_11,0.9833333333333333,120,494
f0211_26,0.9834710743801653,121,495
f0430_02,0.9834710743801653,121,496
f0721_31,0.9834710743801653,121,497
f3452_13,0.9834710743801653,121,498
f3894_37,0.9834710743801653,121,499
f4060_46,0.9834710743801653,121,500
f1678_19,0.9836065573770492,122,501
f2509_53,0.9836065573770492,122,502
f3349_22,0.9836065573770492,122,503
f3357_06,0.9836065573770492,122,504
f3425_47,0.9836065573770492,122,505
f3928_39,0.9836065573770492,122,506
f2412_86,0.983739837398374,123,507
f3687_48,0.983739837398374,123,508
f0200_38,0.9838709677419355,62,509
f0353_18,0.9838709677419355,124,510
f0450_41,0.9838709677419355,124,511
f1921_33,0.9838709677419355,124,512
f3481_39,0.9838709677419355,124,513
f3516_45,0.9838709677419355,124,514
f3889_26,0.9838709677419355,124,515
f1667_29,0.984,125,516
f2284_51,0.984,125,517
f2537_57,0.984,125,518
f3804_08,0.984,125,519
f3874_15,0.984,125,520
f2332_97,0.9841269841269841,126,521
f2562_90,0.9841269841269841,126,522
f3345_12,0.9841269841269841,126,523
f3428_02,0.9841269841269841,126,524
f3514_20,0.9841269841269841,126,525
f3546_36,0.9841269841269841,126,526
f3750_00,0.9841269841269841,126,527
f3847_24,0.9841269841269841,126,528
f0100_42,0.984251968503937,127,529
f2392_80,0.984251968503937,127,530
f3560_17,0.984251968503937,127,531
f3590_03,0.984251968503937,127,532
f3849_21,0.984251968503937,127,533
f2335_52,0.984375,128,534
f3164_09,0.984375,128,535
f3364_36,0.984375,128,536
f3335_15,0.9844961240310077,129,537
f0171_26,0.9846153846153847,130,538
f1358_13,0.9846153846153847,65,539
f2513_56,0.9846153846153847,130,540
f3265_08,0.9846153846153847,130,541
f3404_40,0.9846153846153847,130,542
f3749_27,0.9846153846153847,130,543
f3165_11,0.9847328244274809,131,544
f0193_48,0.9848484848484849,66,545
f0424_27,0.9848484848484849,66,546
f0140_09,0.9852941176470589,68,547
f0341_00,0.9852941176470589,68,548
f0142_39,0.9857142857142858,70,549
f1384_42,0.9859154929577465,71,550
f0139_23,0.9861111111111112,72,551
f0082_40,0.9866666666666667,75,552
f0322_19,0.9866666666666667,75,553
f0796_08,0.9868421052631579,76,554
f1371_21,0.987012987012987,77,555
f1607_17,0.987012987012987,77,556
f0230_04,0.9873417721518988,79,557
f0990_06,0.9875,80,558
f0216_26,0.9876543209876543,81,559
f2225_86,0.9876543209876543,81,560
f0125_02,0.9879518072289156,83,561
f0269_21,0.9879518072289156,83,562
f0032_27,0.9880952380952381,84,563
f0085_01,0.9880952380952381,84,564
f0704_31,0.9880952380952381,84,565
f0217_16,0.9882352941176471,85,566
f1549_10,0.9882352941176471,85,567
f0165_04,0.9885057471264368,87,568
f0206_38,0.9886363636363636,88,569
f0396_05,0.9888888888888889,90,570
f0429_13,0.9888888888888889,90,571
f0215_32,0.9891304347826086,92,572
f1085_29,0.9891304347826086,92,573
f0122_45,0.989247311827957,93,574
f0044_12,0.9893617021276596,94,575
f0128_00,0.9893617021276596,94,576
f0299_33,0.9893617021276596,94,577
f0346_40,0.9893617021276596,94,578
f0457_13,0.9893617021276596,94,579
f0180_29,0.9894736842105263,95,580
f0195_27,0.9894736842105263,95,581
f0352_09,0.9894736842105263,95,582
f0428_41,0.9894736842105263,95,583
f0189_49,0.9895833333333334,96,584
f0371_24,0.9895833333333334,96,585
f0408_03,0.9895833333333334,96,586
f0477_46,0.9895833333333334,96,587
f0339_11,0.9896907216494846,97,588
f0377_25,0.9896907216494846,97,589
f0039_14,0.9897959183673469,98,590
f0496_09,0.9897959183673469,98,591
f1347_06,0.9897959183673469,98,592
f0022_10,0.98989898989899,99,593
f0176_30,0.98989898989899,99,594
f0277_33,0.98989898989899,99,595
f0421_33,0.98989898989899,99,596
f0505_13,0.98989898989899,99,597
f1620_12,0.98989898989899,99,598
f0020_08,0.99,100,599
f0076_06,0.99,100,600
f0194_30,0.99,100,601
f0098_33,0.9900990099009901,101,602
f2486_95,0.9900990099009901,101,603
f3381_42,0.9900990099009901,101,604
f0120_29,0.9901960784313726,102,605
f0318_44,0.9901960784313726,102,606
f0779_27,0.9901960784313726,102,607
f0026_17,0.9902912621359223,103,608
f1442_28,0.9902912621359223,103,609
f0167_33,0.9903846153846154,104,610
f0251_00,0.9903846153846154,104,611
f0290_29,0.9903846153846154,104,612
f0091_26,0.9904761904761905,105,613
f0173_00,0.9904761904761905,105,614
f0357_21,0.9904761904761905,105,615
f0031_02,0.9905660377358491,106,616
f0470_37,0.9905660377358491,106,617
f0489_49,0.9905660377358491,106,618
f1036_49,0.9905660377358491,106,619
f0233_14,0.9906542056074766,107,620
f0275_17,0.9906542056074766,107,621
f0463_09,0.9906542056074766,107,622
f0467_18,0.9906542056074766,107,623
f0503_44,0.9906542056074766,107,624
f3426_23,0.9906542056074766,107,625
f0301_33,0.9907407407407407,108,626
f0047_00,0.9908256880733946,109,627
f0090_10,0.9908256880733946,109,628
f0111_36,0.9908256880733946,109,629
f0204_21,0.9908256880733946,109,630
f0407_39,0.9908256880733946,109,631
f0419_29,0.9908256880733946,109,632
f2436_53,0.9908256880733946,109,633
f0117_11,0.990909090909091,110,634
f0163_13,0.990909090909091,110,635
f0186_14,0.990909090909091,110,636
f0466_11,0.990909090909091,110,637
f3418_34,0.990909090909091,110,638
f3881_31,0.990909090909091,110,639
f0143_00,0.990990990990991,111,640
f0273_27,0.990990990990991,111,641
f0427_40,0.990990990990991,111,642
f0595_35,0.990990990990991,111,643
f1194_03,0.990990990990991,111,644
f2196_58,0.990990990990991,111,645
f0064_04,0.9910714285714286,112,646
f0087_24,0.9910714285714286,112,647
f0162_02,0.9910714285714286,112,648
f0412_26,0.9910714285714286,112,649
f0454_20,0.9910714285714286,112,650
f1901_07,0.9910714285714286,112,651
f2099_21,0.9910714285714286,112,652
f0259_41,0.9911504424778761,113,653
f2327_90,0.9911504424778761,113,654
f0104_43,0.9912280701754386,114,655
f0133_23,0.9912280701754386,114,656
f1714_49,0.9912280701754386,114,657
f1871_04,0.9912280701754386,114,658
f2359_72,0.9912280701754386,114,659
f0043_10,0.991304347826087,115,660
f0235_17,0.991304347826087,115,661
f1240_01,0.991304347826087,115,662
f2262_83,0.991304347826087,115,663
f3711_08,0.991304347826087,115,664
f3812_06,0.991304347826087,115,665
f0115_34,0.9913793103448276,116,666
f0252_30,0.9913793103448276,116,667
f0654_02,0.9913793103448276,116,668
f1086_15,0.9913793103448276,116,669
f1526_31,0.9913793103448276,116,670
f3307_33,0.9913793103448276,116,671
f0136_18,0.9914529914529915,117,672
f0219_48,0.9914529914529915,117,673
f0528_49,0.9914529914529915,117,674
f1025_22,0.9914529914529915,117,675
f0097_05,0.9915254237288136,118,676
f2490_91,0.9915254237288136,118,677
f0058_07,0.9915966386554622,119,678
f0126_41,0.9915966386554622,119,679
f0157_12,0.9915966386554622,119,680
f0448_39,0.9915966386554622,119,681
f1323_11,0.9915966386554622,119,682
f2252_75,0.9915966386554622,119,683
f3399_09,0.9915966386554622,119,684
f3745_12,0.9915966386554622,119,685
f0326_35,0.9916666666666667,120,686
f0374_13,0.9916666666666667,120,687
f0472_36,0.9916666666666667,120,688
f1082_22,0.9916666666666667,120,689
f1659_04,0.9916666666666667,120,690
f2404_70,0.9916666666666667,120,691
f3186_24,0.9916666666666667,120,692
f3385_08,0.9916666666666667,120,693
f3594_23,0.9916666666666667,120,694
f3935_48,0.9916666666666667,120,695
f0132_17,0.9917355371900827,121,696
f0191_22,0.9917355371900827,121,697
f0199_01,0.9917355371900827,121,698
f0260_38,0.9917355371900827,121,699
f0314_27,0.9917355371900827,121,700
f0391_32,0.9917355371900827,121,701
f0824_18,0.9917355371900827,121,702
f2531_92,0.9917355371900827,121,703
f0069_14,0.9918032786885246,122,704
f0310_32,0.9918032786885246,122,705
f0442_00,0.9918032786885246,122,706
f0534_00,0.9918032786885246,122,707
f0814_03,0.9918032786885246,122,708
f2141_85,0.9918032786885246,122,709
f2319_77,0.9918032786885246,122,710
f2580_69,0.9918032786885246,122,711
f3140_49,0.9918032786885246,122,712
f3398_06,0.9918032786885246,122,713
f0057_20,0.991869918699187,123,714
f0203_21,0.991869918699187,123,715
f0295_17,0.991869918699187,123,716
f3558_12,0.991869918699187,123,717
f3592_19,0.991869918699187,123,718
f0197_34,0.9919354838709677,124,719
f0243_29,0.9919354838709677,124,720
f0373_35,0.9919354838709677,124,721
f0439_08,0.9919354838709677,124,722
f0509_28,0.9919354838709677,124,723
f0659_24,0.9919354838709677,124,724
f1841_05,0.9919354838709677,124,725
f3309_37,0.9919354838709677,124,726
f0027_29,0.992,125,727
f0093_24,0.992,125,728
f0172_40,0.992,125,729
f0263_31,0.992,125,730
f2413_87,0.9920634920634921,126,731
f2568_54,0.9920634920634921,126,732
f3102_36,0.9920634920634921,126,733
f3192_37,0.9920634920634921,126,734
f3234_23,0.9920634920634921,126,735
f3250_14,0.9920634920634921,126,736
f3475_09,0.9920634920634921,126,737
f0112_07,0.9921259842519685,127,738
f0121_11,0.9921259842519685,127,739
f0196_10,0.9921259842519685,127,740
f1721_26,0.9921259842519685,127,741
f3259_15,0.9921259842519685,127,742
f3343_18,0.9921259842519685,127,743
f3478_49,0.9921259842519685,127,744
f3718_40,0.9921259842519685,127,745
f0332_15,0.9921875,128,746
f2425_91,0.9921875,128,747
f3106_05,0.9921875,128,748
f3289_18,0.9921875,128,749
f3421_31,0.9921875,128,750
f3508_31,0.9921875,128,751
f4099_10,0.9921875,128,752
f0255_48,0.9922480620155039,129,753
f3589_24,0.9922480620155039,129,754
f3729_27,0.9922480620155039,129,755
f3756_06,0.9922480620155039,129,756
f1048_31,0.9923076923076923,130,757
f2110_56,0.9923076923076923,130,758
f2279_94,0.9923076923076923,130,759
f2303_66,0.9923076923076923,130,760
f2465_75,0.9923076923076923,130,761
f3133_33,0.9923076923076923,130,762
f3213_04,0.9923076923076923,130,763
f3365_46,0.9923076923076923,130,764
f3861_21,0.9923076923076923,130,765
f0000_14,1.0,104,766
f0001_41,1.0,122,767
f0003_42,1.0,100,768
f0004_09,1.0,73,769
f0007_14,1.0,101,770
f0008_45,1.0,116,771
f0009_06,1.0,122,772
f0010_18,1.0,126,773
f0011_13,1.0,114,774
f0012_39,1.0,84,775
f0014_19,1.0,120,776
f0015_48,1.0,101,777
f0016_39,1.0,94,778
f0017_07,1.0,122,779
f0021_34,1.0,124,780
f0024_24,1.0,103,781
f0025_13,1.0,76,782
f0028_05,1.0,123,783
f0030_12,1.0,112,784
f0033_49,1.0,79,785
f0034_08,1.0,104,786
f0035_19,1.0,119,787
f0036_39,1.0,103,788
f0037_16,1.0,129,789
f0042_43,1.0,83,790
f0046_20,1.0,126,791
f0049_32,1.0,120,792
f0050_10,1.0,109,793
f0051_42,1.0,129,794
f0053_23,1.0,109,795
f0054_14,1.0,123,796
f0060_43,1.0,102,797
f0062_25,1.0,121,798
f0063_38,1.0,116,799
f0065_00,1.0,93,800
f0066_37,1.0,125,801
f0068_00,1.0,94,802
f0070_14,1.0,123,803
f0071_21,1.0,86,804
f0072_36,1.0,98,805
f0073_45,1.0,102,806
f0074_07,1.0,94,807
f0077_13,1.0,119,808
f0078_48,1.0,119,809
f0079_06,1.0,72,810
f0081_26,1.0,101,811
f0086_47,1.0,123,812
f0088_22,1.0,108,813
f0089_16,1.0,116,814
f0092_16,1.0,115,815
f0094_41,1.0,121,816
f0096_45,1.0,110,817
f0099_18,1.0,125,818
f0101_44,1.0,118,819
f0102_31,1.0,127,820
f0107_06,1.0,119,821
f0108_12,1.0,118,822
f0109_19,1.0,95,823
f0110_48,1.0,116,824
f0113_31,1.0,102,825
f0116_23,1.0,102,826
f0118_07,1.0,122,827
f0119_44,1.0,127,828
f0124_11,1.0,129,829
f0127_07,1.0,120,830
f0129_32,1.0,79,831
f0130_28,1.0,119,832
f0134_33,1.0,102,833
f0135_03,1.0,102,834
f0137_14,1.0,100,835
f0138_30,1.0,115,836
f0141_43,1.0,119,837
f0144_05,1.0,128,838
f0149_15,1.0,95,839
f0150_25,1.0,94,840
f0151_02,1.0,81,841
f0154_34,1.0,105,842
f0155_13,1.0,127,843
f0156_09,1.0,104,844
f0158_20,1.0,122,845
f0159_14,1.0,115,846
f0160_11,1.0,102,847
f0161_16,1.0,121,848
f0164_32,1.0,122,849
f0166_12,1.0,106,850
f0169_09,1.0,94,851
f0175_47,1.0,113,852
f0177_16,1.0,91,853
f0178_39,1.0,106,854
f0181_31,1.0,113,855
f0183_22,1.0,104,856
f0185_23,1.0,126,857
f0187_18,1.0,122,858
f0188_36,1.0,121,859
f0190_12,1.0,123,860
f0192_22,1.0,107,861
f0198_18,1.0,110,862
f0202_09,1.0,109,863
f0207_46,1.0,123,864
f0208_05,1.0,126,865
f0209_30,1.0,97,866
f0213_49,1.0,81,867
f0218_04,1.0,120,868
f0220_49,1.0,111,869
f0224_06,1.0,114,870
f0225_20,1.0,81,871
f0226_08,1.0,126,872
f0227_27,1.0,111,873
f0228_36,1.0,117,874
f0231_43,1.0,114,875
f0234_16,1.0,123,876
f0237_46,1.0,103,877
f0239_15,1.0,109,878
f0240_02,1.0,124,879
f0241_46,1.0,127,880
f0242_22,1.0,101,881
f0245_40,1.0,112,882
f0246_12,1.0,123,883
f0249_46,1.0,107,884
f0250_37,1.0,79,885
f0254_46,1.0,125,886
f0256_08,1.0,122,887
f0258_41,1.0,124,888
f0261_06,1.0,124,889
f0262_15,1.0,113,890
f0264_18,1.0,123,891
f0265_39,1.0,127,892
f0266_14,1.0,116,893
f0267_24,1.0,117,894
f0270_23,1.0,91,895
f0271_05,1.0,122,896
f0274_49,1.0,116,897
f0278_07,1.0,125,898
f0279_03,1.0,109,899
f0280_20,1.0,112,900
f0281_47,1.0,126,901
f0284_34,1.0,108,902
f0285_23,1.0,111,903
f0287_15,1.0,115,904
f0292_16,1.0,128,905
f0293_40,1.0,122,906
f0294_18,1.0,70,907
f0296_20,1.0,101,908
f0298_13,1.0,100,909
f0300_24,1.0,93,910
f0302_47,1.0,109,911
f0303_00,1.0,121,912
f0304_23,1.0,109,913
f0305_08,1.0,112,914
f0306_35,1.0,79,915
f0307_12,1.0,100,916
f0308_10,1.0,91,917
f0309_42,1.0,120,918
f0311_48,1.0,126,919
f0312_43,1.0,124,920
f0315_31,1.0,125,921
f0317_44,1.0,125,922
f0319_32,1.0,83,923
f0320_41,1.0,126,924
f0321_36,1.0,120,925
f0323_17,1.0,119,926
f0327_43,1.0,112,927
f0328_12,1.0,123,928
f0329_34,1.0,128,929
f0330_09,1.0,107,930
f0331_41,1.0,88,931
f0333_01,1.0,109,932
f0337_24,1.0,128,933
f0338_35,1.0,120,934
f0342_31,1.0,97,935
f0343_35,1.0,129,936
f0344_25,1.0,125,937
f0345_23,1.0,123,938
f0347_04,1.0,130,939
f0348_46,1.0,107,940
f0349_40,1.0,101,941
f0350_03,1.0,120,942
f0351_22,1.0,111,943
f0355_32,1.0,126,944
f0358_32,1.0,100,945
f0359_05,1.0,123,946
f0360_15,1.0,127,947
f0361_07,1.0,115,948
f0362_44,1.0,91,949
f0364_10,1.0,119,950
f0365_07,1.0,85,951
f0366_08,1.0,103,952
f0367_33,1.0,121,953
f0372_33,1.0,86,954
f0379_10,1.0,124,955
f0380_37,1.0,119,956
f0381_28,1.0,107,957
f0382_03,1.0,119,958
f0385_18,1.0,111,959
f0389_38,1.0,108,960
f0392_15,1.0,126,961
f0393_18,1.0,97,962
f0395_15,1.0,127,963
f0397_27,1.0,125,964
f0398_37,1.0,122,965
f0399_44,1.0,116,966
f0400_25,1.0,93,967
f0401_11,1.0,120,968
f0402_38,1.0,124,969
f0404_33,1.0,124,970
f0409_49,1.0,106,971
f0410_43,1.0,103,972
f0411_01,1.0,73,973
f0413_09,1.0,99,974
f0414_22,1.0,85,975
f0415_28,1.0,129,976
f0417_44,1.0,90,977
f0420_19,1.0,126,978
f0422_45,1.0,120,979
f0425_42,1.0,87,980
f0431_36,1.0,123,981
f0432_28,1.0,72,982
f0433_14,1.0,101,983
f0434_21,1.0,113,984
f0435_37,1.0,95,985
f0437_05,1.0,106,986
f0438_19,1.0,103,987
f0440_17,1.0,96,988
f0441_00,1.0,119,989
f0443_21,1.0,120,990
f0444_34,1.0,128,991
f0445_46,1.0,115,992
f0446_03,1.0,126,993
f0449_22,1.0,81,994
f0451_44,1.0,113,995
f0452_37,1.0,86,996
f0453_45,1.0,125,997
f0455_26,1.0,78,998
f0456_45,1.0,116,999
f0458_38,1.0,121,1000
f0460_02,1.0,125,1001
f0461_47,1.0,127,1002
f0462_07,1.0,79,1003
f0465_42,1.0,113,1004
f0468_24,1.0,115,1005
f0473_21,1.0,121,1006
f0475_47,1.0,82,1007
f0478_10,1.0,95,1008
f0479_35,1.0,116,1009
f0481_47,1.0,98,1010
f0482_06,1.0,118,1011
f0483_42,1.0,106,1012
f0484_46,1.0,126,1013
f0485_45,1.0,113,1014
f0486_05,1.0,128,1015
f0487_42,1.0,118,1016
f0490_13,1.0,109,1017
f0491_35,1.0,92,1018
f0492_08,1.0,103,1019
f0495_04,1.0,122,1020
f0500_38,1.0,113,1021
f0501_06,1.0,110,1022
f0502_09,1.0,122,1023
f0506_18,1.0,110,1024
f0508_20,1.0,81,1025
f0573_31,1.0,119,1026
f0656_11,1.0,94,1027
f0699_19,1.0,108,1028
f0716_15,1.0,96,1029
f0727_27,1.0,89,1030
f0825_23,1.0,11,1031
f0953_15,1.0,125,1032
f0975_48,1.0,117,1033
f1012_30,1.0,120,1034
f1018_07,1.0,83,1035
f1064_32,1.0,121,1036
f1217_02,1.0,94,1037
f1230_10,1.0,114,1038
f1330_35,1.0,118,1039
f1342_17,1.0,84,1040
f1377_09,1.0,84,1041
f1379_47,1.0,98,1042
f1380_34,1.0,107,1043
f1451_24,1.0,93,1044
f1462_01,1.0,118,1045
f1506_35,1.0,107,1046
f1599_48,1.0,103,1047
f1649_03,1.0,126,1048
f1654_46,1.0,125,1049
f1687_40,1.0,94,1050
f1787_36,1.0,108,1051
f1887_23,1.0,96,1052
f2075_09,1.0,112,1053
f2089_25,1.0,103,1054
f2100_97,1.0,128,1055
f2161_58,1.0,118,1056
f2374_59,1.0,128,1057
f2440_79,1.0,111,1058
f2471_82,1.0,122,1059
f2476_67,1.0,128,1060
f2518_67,1.0,124,1061
f3150_21,1.0,128,1062
f3287_41,1.0,118,1063
f3350_11,1.0,107,1064
f3356_11,1.0,131,1065
f3496_38,1.0,116,1066
f3549_47,1.0,127,1067
f3778_23,1.0,118,1068
f3780_30,1.0,126,1069
f3794_17,1.0,105,1070
f3795_00,1.0,116,1071
f3846_02,1.0,116,1072
f4079_43,1.0,100,1073
f4094_49,1.0,104,1074
