family,arm,half_agg,half_reg,folds,diffs_vs_agg,diffs_vs_reg,mean_vs_agg,sd_vs_agg,mean_vs_reg,sd_vs_reg,all_positive_vs_agg,all_positive_vs_reg,beats_both_folds
concurrent,anchor_h2_logit_l2_lam0p001,anchor_h2,logit_l2_lam0p001,1 2 3 4 5,3.1158 3.0878 4.2243 1.0701 1.3941,0.6753 -0.2056 0.2362 -0.4940 -1.0898,2.5784,1.3167,-0.1756,0.6767,1,0,0
concurrent,anchor_h2_hybrid_seq_mix0p5,anchor_h2,hybrid_seq_mix0p5,1 2 3 4 5,2.9281 2.5046 4.0436 1.6034 3.2838,1.5456 -1.3089 -0.7117 -1.2252 1.2698,2.8727,0.9069,-0.0861,1.3861,1,0,0
concurrent,anchor_h2_ntd_b0p01_t0p5,anchor_h2,ntd_b0p01_t0p5,1 2 3 4 5,3.0129 2.9772 2.8176 1.8156 3.1034,1.3275 1.1505 1.5382 0.2667 1.7675,2.7453,0.5299,1.2101,0.5757,1,1,1
concurrent,weight_q0_logit_l2_lam0p001,weight_q0,logit_l2_lam0p001,1 2 3 4 5,2.7455 3.1719 1.3600 3.4598 1.4588,0.9161 -1.3676 -2.5848 0.6780 -0.2389,2.4392,0.9744,-0.5194,1.4627,1,0,0
concurrent,weight_q0_hybrid_seq_mix0p5,weight_q0,hybrid_seq_mix0p5,1 2 3 4 5,0.7981 2.9276 3.9164 3.2548 2.0454,0.0267 -2.1320 -0.7956 -0.7916 0.8176,2.5885,1.2065,-0.5750,1.0978,1,0,0
concurrent,weight_q0_ntd_b0p01_t0p5,weight_q0,ntd_b0p01_t0p5,1 2 3 4 5,0.6923 3.6157 1.2283 2.0435 1.0361,-0.3819 0.5430 -0.0077 -0.7231 0.4864,1.7232,1.1687,-0.0167,0.5475,1,0,0
concurrent,eta_0p95_logit_l2_lam0p001,eta_0p95,logit_l2_lam0p001,1 2 3 4 5,3.5463 2.9829 3.0331 0.7313 2.9753,1.3476 -0.7106 0.1143 -0.4184 0.5891,2.6538,1.1009,0.1844,0.8194,1,0,0
concurrent,eta_0p95_hybrid_seq_mix0p5,eta_0p95,hybrid_seq_mix0p5,1 2 3 4 5,1.4884 2.1235 4.3200 2.4860 1.2522,0.3476 -2.0901 0.6339 0.0718 -0.6641,2.3340,1.2142,-0.3402,1.0907,1,0,0
concurrent,eta_0p95_ntd_b0p01_t0p5,eta_0p95,ntd_b0p01_t0p5,1 2 3 4 5,2.1721 2.4743 1.4285 2.2605 1.7780,0.7284 0.2475 1.2184 1.1261 0.5397,2.0227,0.4171,0.7720,0.4048,1,1,1
sequential,seq_delta_capped_ntd_b0p01_t2,seq_delta_capped,ntd_b0p01_t2,1 2 3 4 5,3.1415 3.9050 2.6620 4.0724 4.4304,1.3437 0.5505 0.4588 -1.0348 0.8736,3.6423,0.7223,0.4384,0.8933,1,0,0
sequential,seq_delta_capped_hybrid_mix0p5,seq_delta_capped,hybrid_mix0p5,1 2 3 4 5,-0.2174 2.7447 1.0707 2.5552 4.3060,1.7521 0.9906 -1.8044 -0.5365 0.9842,2.0919,1.7262,0.2772,1.4300,0,0,0
sequential,seq_delta_capped_logit_l2_lam0p003,seq_delta_capped,logit_l2_lam0p003,1 2 3 4 5,2.7101 5.0480 2.9705 2.8733 3.6368,0.5342 0.5429 0.2514 -0.5028 -1.8386,3.4477,0.9616,-0.2026,1.0089,1,0,0
sequential,seq_fedavg_ntd_b0p01_t2,seq_fedavg,ntd_b0p01_t2,1 2 3 4 5,1.9999 3.7886 3.3853 4.5898 3.8731,-0.0038 0.7105 0.4169 -1.0843 1.4705,3.5273,0.9579,0.3019,0.9435,1,0,0
sequential,seq_fedavg_hybrid_mix0p5,seq_fedavg,hybrid_mix0p5,1 2 3 4 5,-0.0116 2.3427 2.3632 2.0791 1.8859,1.7521 0.8650 -1.2771 -1.5794 -0.2818,1.7319,0.9944,-0.1043,1.4115,0,0,0
sequential,seq_fedavg_logit_l2_lam0p003,seq_fedavg,logit_l2_lam0p003,1 2 3 4 5,2.5342 3.7811 3.5794 3.9849 4.3022,0.1525 -0.4476 0.0952 0.0419 -0.0190,3.6364,0.6715,-0.0354,0.2390,1,0,0
sequential,seq_mix_r0p3_ntd_b0p01_t2,seq_mix_r0p3,ntd_b0p01_t2,1 2 3 4 5,3.4453 4.0840 4.4169 4.1257 2.2652,0.0305 0.9793 -0.0228 -1.0157 -0.0800,3.6674,0.8604,-0.0218,0.7064,1,0,0
sequential,seq_mix_r0p3_hybrid_mix0p5,seq_mix_r0p3,hybrid_mix0p5,1 2 3 4 5,1.6406 2.4835 4.5464 3.8141 3.0182,1.9932 0.9791 -0.5653 0.6882 0.9079,3.1006,1.1312,0.8006,0.9143,1,0,0
sequential,seq_mix_r0p3_logit_l2_lam0p003,seq_mix_r0p3,logit_l2_lam0p003,1 2 3 4 5,4.3995 3.4019 5.4752 4.6849 2.6525,0.6067 -0.8534 0.5196 1.2745 -1.6114,4.1228,1.1071,-0.0128,1.1818,1,0,0
