epoch,fold,train_acc,val_acc
1,1,0.9239361702,0.9869169511
2,1,0.9860942249,0.9829351536
3,1,0.9918693009,0.9916571862
4,1,0.9952887538,0.9884338263
5,1,0.995212766,0.9852104664
6,1,0.9950607903,0.9941221085
7,1,0.995668693,0.9933636708
8,1,0.9981762918,0.9935532802
9,1,0.9980243161,0.9922260144
10,1,0.9965805471,0.9931740614
11,1,0.9969604863,0.992984452
12,1,0.9986322188,0.9927948426
13,1,0.9959726444,0.991088358
14,1,0.9972644377,0.9943117179
15,1,0.9979483283,0.9888130451
16,1,0.9978723404,0.9933636708
17,1,0.9977203647,0.9912779674
18,1,0.9974164134,0.9905195298
19,1,0.9965805471,0.9905195298
20,1,0.9986322188,0.9948805461
21,1,0.9986322188,0.9872961699
22,1,0.9987841945,0.9937428896
23,1,0.9995440729,0.9931740614
24,1,0.9980243161,0.9903299204
25,1,0.9962765957,0.9908987486
26,1,0.9968085106,0.992984452
27,1,0.9993920973,0.9939324991
28,1,0.9996960486,0.9946909367
29,1,1,0.9950701555
30,1,1,0.9948805461
31,1,1,0.9952597649
32,1,1,0.9956389837
33,1,1,0.9950701555
34,1,0.9996960486,0.9933636708
35,1,0.9893617021,0.9871065605
36,1,0.9978723404,0.9918467956
37,1,0.9996960486,0.9954493743
38,1,0.9997720365,0.9950701555
39,1,1,0.9967766401
40,1,1,0.9975350777
41,1,1,0.9967766401
42,1,1,0.9963974213
43,1,1,0.9962078119
44,1,0.9987841945,0.9823663254
45,1,0.9936930091,0.992984452
46,1,0.9957446809,0.9937428896
47,1,0.998556231,0.9945013273
48,1,0.9999240122,0.9927948426
49,1,0.9993920973,0.9943117179
50,1,1,0.9950701555
1,2,0.9183130699,0.9857522796
2,2,0.9882218845,0.9889817629
3,2,0.9931610942,0.9901215805
4,2,0.9965805471,0.9931610942
5,2,0.9936170213,0.9880319149
6,2,0.9955167173,0.9929711246
7,2,0.997112462,0.9929711246
8,2,0.9991641337,0.9886018237
9,2,0.9975683891,0.9950607903
10,2,0.9986322188,0.9882218845
11,2,0.9970364742,0.9832826748
12,2,0.9952887538,0.9842325228
13,2,0.9972644377,0.9916413374
14,2,0.9988601824,0.9922112462
15,2,0.9987841945,0.9901215805
16,2,0.9974924012,0.9910714286
17,2,0.998100304,0.9941109422
18,2,0.9993920973,0.9941109422
19,2,0.9968844985,0.9886018237
20,2,0.9979483283,0.9798632219
1,3,0.9212765957,0.9826732673
2,3,0.9881458967,0.9880045697
3,3,0.9925531915,0.9920030465
4,3,0.9955927052,0.9906702209
5,3,0.9961246201,0.9925742574
6,3,0.997112462,0.9921934501
7,3,0.9977203647,0.9912414318
8,3,0.9950607903,0.9927646611
9,3,0.998100304,0.9942878903
10,3,0.9979483283,0.9870525514
11,3,0.9979483283,0.9942878903
12,3,0.9973404255,0.9931454684
13,3,0.9981762918,0.9918126428
14,3,0.9969604863,0.9920030465
15,3,0.9959726444,0.994478294
16,3,0.9988601824,0.9946686976
17,3,0.9986322188,0.9841964966
18,3,0.9979483283,0.9931454684
19,3,0.9971884498,0.9891469916
20,3,0.9986322188,0.9927646611
21,3,0.9999240122,0.9954303123
22,3,1,0.9956207159
23,3,1,0.9958111196
24,3,1,0.9956207159
25,3,1,0.9956207159
26,3,1,0.9956207159
27,3,0.993768997,0.9876237624
28,3,0.9955167173,0.993335872
29,3,0.9974924012,0.9920030465
30,3,0.9990121581,0.994478294
31,3,0.9999240122,0.9961919269
32,3,1,0.9960015232
33,3,1,0.9952399086
34,3,1,0.9956207159
35,3,1,0.9963823305
36,3,1,0.9935262757
37,3,0.9943009119,0.9843869002
38,3,0.9953647416,0.9946686976
39,3,0.9982522796,0.9958111196
40,3,1,0.9961919269
41,3,1,0.9956207159
42,3,1,0.9958111196
43,3,1,0.9954303123
44,3,1,0.9960015232
45,3,1,0.9958111196
1,4,0.9299392097,0.9828440717
2,4,0.9861702128,0.9898970644
3,4,0.9920972644,0.9878002287
4,4,0.9951367781,0.9895158216
5,4,0.9952887538,0.988372093
6,4,0.9970364742,0.9908501716
7,4,0.995212766,0.9908501716
8,4,0.9950607903,0.9906595501
9,4,0.9968844985,0.9946626001
10,4,0.9984042553,0.9956157072
11,4,0.9975683891,0.9912314144
12,4,0.9983282675,0.9944719787
13,4,0.9996960486,0.9944719787
14,4,0.9994680851,0.991040793
15,4,0.9970364742,0.9906595501
16,4,0.9946048632,0.9954250858
17,4,0.9969604863,0.9931376287
18,4,0.998556231,0.9918032787
19,4,0.9984802432,0.9942813572
20,4,0.9992401216,0.9958063286
21,4,1,0.9959969501
22,4,1,0.9965688143
23,4,1,0.9961875715
24,4,1,0.9963781929
25,4,1,0.9961875715
26,4,0.9917173252,0.9891345787
27,4,0.9943768997,0.9939001144
28,4,0.9982522796,0.9931376287
29,4,0.9993920973,0.9954250858
30,4,1,0.9954250858
31,4,1,0.9959969501
32,4,1,0.9958063286
1,5,0.9343465046,0.9869144699
2,5,0.9895136778,0.9836904988
3,5,0.992325228,0.9903280865
4,5,0.9947568389,0.9876730514
5,5,0.9935410334,0.9903280865
6,5,0.9961246201,0.9908970226
7,5,0.9975683891,0.9918452494
8,5,0.9982522796,0.9907073772
9,5,0.9968085106,0.9922245401
10,5,0.9946048632,0.9890005689
11,5,0.9959726444,0.9933624123
12,5,0.9993920973,0.9926038308
13,5,0.9996960486,0.9941209937
14,5,0.9998480243,0.9941209937
15,5,1,0.9939313484
16,5,1,0.9946899298
17,5,1,0.9945002845
18,5,1,0.9943106391
19,5,0.998556231,0.9641570264
20,5,0.9880699088,0.9852076617
21,5,0.9968085106,0.9920348947
22,5,0.9976443769,0.9945002845
23,5,0.9987082067,0.9943106391
24,5,0.9997720365,0.9950692206
25,5,0.9988601824,0.9907073772
26,5,0.9978723404,0.9888109236
27,5,0.9977963526,0.9939313484
28,5,0.9980243161,0.993741703
29,5,0.9996200608,0.9945002845
30,5,1,0.9946899298
31,5,1,0.9950692206
32,5,1,0.9946899298
33,5,1,0.9943106391
34,5,1,0.9948795752
