client,fold,g0_own_test,iso_g0_own_test,iso_g0_src_test,iso_g0_best_val_own,iso_g0_epochs_run,iso_scratch_own_test,iso_scratch_src_test,iso_scratch_best_val_own,iso_scratch_epochs_run,train_samples,val_samples,test_samples
f0048_00,1,0.6428571429,1,0.9897511595,1,20,0.9285714286,0.3689406725,0.9285714286,20,32,14,14
f0048_00,2,0.8,1,0.9844572758,1,20,0.9333333333,0.484101667,1,20,32,13,15
f0048_00,3,0.7142857143,1,0.9979793614,0.9285714286,20,1,0.4428036637,1,20,32,14,14
f0048_00,4,0.8571428571,0.9285714286,0.9959219777,1,20,0.9285714286,0.3230351895,0.9285714286,20,32,14,14
f0048_00,5,0.7857142857,0.9285714286,0.9977505494,1,20,0.9285714286,0.3388852673,0.9285714286,20,32,14,14
f1331_49,1,0.7727272727,1,0.994893547,1,20,1,0.5069101802,1,28,57,20,22
f1331_49,2,0.8095238095,1,0.9945503839,1,20,0.9523809524,0.5196354938,0.9523809524,20,57,21,21
f1331_49,3,0.7916666667,0.9583333333,0.9977128245,1,20,0.875,0.4714088248,0.9444444444,20,57,18,24
f1331_49,4,0.8,1,0.9950460159,1,20,0.9,0.4612751529,0.9545454545,20,57,22,20
f1331_49,5,0.8181818182,1,0.9947027949,1,20,0.9545454545,0.4996381135,1,22,57,20,22
f2023_12,1,0.7619047619,1,0.9882644887,1,20,0.8571428571,0.4975831883,0.95,21,56,20,21
f2023_12,2,0.8,1,0.9904745662,1,23,0.9,0.4454684923,1,20,56,21,20
f2023_12,3,0.7727272727,1,0.9761494407,1,21,0.8181818182,0.4250513395,0.9473684211,20,56,19,22
f2023_12,4,0.85,1,0.9895597037,1,20,0.95,0.4545014636,0.9047619048,25,56,21,20
f2023_12,5,0.85,1,0.9894835566,1,20,0.9,0.4300788986,0.9047619048,20,56,21,20
f2145_89,1,0.8095238095,0.9047619048,0.9979029895,1,20,0.8571428571,0.3633804437,0.9523809524,20,54,21,21
f2145_89,2,0.75,0.85,0.9965694612,0.9545454545,20,0.85,0.3830351009,0.8181818182,20,54,22,20
f2145_89,3,0.8571428571,0.9047619048,0.9929505721,1,23,0.7619047619,0.3161807703,0.9523809524,20,54,21,21
f2145_89,4,0.9,1,0.9957692974,0.9090909091,21,0.95,0.4020058984,0.8181818182,20,54,22,20
f2145_89,5,0.75,0.95,0.9963790929,1,20,0.8,0.368868657,0.9090909091,20,54,22,20
f2230_67,1,0.7391304348,0.8695652174,0.9785132311,0.9545454545,22,0.8695652174,0.3911154666,1,22,60,22,23
f2230_67,2,0.84,0.88,0.9706678176,1,20,0.92,0.3232262364,1,23,60,20,25
f2230_67,3,0.7727272727,0.8181818182,0.9861328153,0.9130434783,20,0.8181818182,0.3557250031,0.8695652174,20,60,23,22
f2230_67,4,0.8095238095,0.9047619048,0.9577533966,1,20,0.9523809524,0.3268042078,1,20,60,24,21
f2230_67,5,0.8181818182,0.9545454545,0.9530689863,0.9565217391,23,0.9545454545,0.3383882181,0.9565217391,20,60,23,22
f2307_62,1,0.9047619048,0.9523809524,0.9646111253,0.9130434783,20,0.7619047619,0.5905361718,0.7826086957,20,61,23,21
f2307_62,2,0.8571428571,0.8095238095,0.9417911983,0.9130434783,20,0.6666666667,0.6556788295,0.9565217391,38,61,23,21
f2307_62,3,0.7826086957,0.8695652174,0.9738663392,1,20,0.7826086957,0.6709528828,0.9047619048,23,61,21,23
f2307_62,4,0.8636363636,0.9090909091,0.961181844,0.9545454545,20,0.9090909091,0.6084040479,0.8181818182,27,61,22,22
f2307_62,5,0.9047619048,0.9047619048,0.9680013491,0.9565217391,20,0.8095238095,0.5696947636,0.8260869565,20,61,23,21
f2564_59,1,0.8095238095,0.9523809524,0.99199762,1,20,0.8571428571,0.4739204634,0.9565217391,20,60,23,21
f2564_59,2,0.9047619048,0.9523809524,0.9921890251,0.9565217391,25,0.8571428571,0.4952523861,0.8695652174,20,60,23,21
f2564_59,3,0.7826086957,0.9565217391,0.9827408713,1,20,0.9130434783,0.5079027431,0.9523809524,20,60,21,23
f2564_59,4,0.9047619048,0.9523809524,0.9978647194,0.9130434783,20,0.9047619048,0.4356816551,0.8695652174,20,60,23,21
f2564_59,5,0.8333333333,0.9166666667,0.9948928629,1,20,0.7916666667,0.3765899179,0.9,20,60,20,24
f3200_41,1,0.8518518519,0.962962963,0.9874286531,1,23,1,0.4964392773,1,26,70,27,27
f3200_41,2,0.8571428571,0.9285714286,0.9903608079,0.9615384615,20,1,0.473465905,1,20,70,26,28
f3200_41,3,0.8518518519,1,0.9876573761,0.962962963,20,0.962962963,0.5384941907,0.962962963,32,70,27,27
f3200_41,4,0.9259259259,0.962962963,0.9846464925,0.9259259259,20,0.9259259259,0.4348066292,1,29,70,27,27
f3200_41,5,0.8846153846,0.9615384615,0.986780753,0.9642857143,22,0.8846153846,0.4310702971,0.9642857143,20,70,28,26
f3211_20,1,0.8888888889,0.962962963,0.9937123785,0.9615384615,20,0.8888888889,0.4873332434,0.9230769231,22,69,26,27
f3211_20,2,0.8518518519,0.962962963,0.9885697806,1,20,0.7037037037,0.3747696707,0.8076923077,20,69,26,27
f3211_20,3,0.7777777778,0.962962963,0.9899040991,1,22,0.9259259259,0.4105398254,0.8461538462,23,69,26,27
f3211_20,4,0.9259259259,1,0.984303513,0.9615384615,20,0.962962963,0.4406345204,0.8461538462,20,69,26,27
f3211_20,5,0.8148148148,0.8518518519,0.9851018858,1,20,0.8888888889,0.5056231966,1,28,69,26,27
f3642_03,1,0.6875,0.875,0.9959222975,1,20,0.8125,0.1453259009,0.8888888889,20,38,18,16
f3642_03,2,0.7222222222,0.8888888889,0.9899427695,0.9375,20,0.7777777778,0.1464706347,0.8125,20,38,16,18
f3642_03,3,0.8,0.8666666667,0.9460550007,0.9473684211,20,0.8,0.1399572912,0.8947368421,24,38,19,15
f3642_03,4,0.8666666667,1,0.9428936137,1,30,0.8,0.1423950049,0.9473684211,21,38,19,15
f3642_03,5,0.7222222222,1,0.9963798266,1,20,0.8333333333,0.169328334,0.9375,21,38,16,18
