round,param_l2_mu0_src,param_l2_mu0_cohort,fisher_lam0p1_src,fisher_lam0p1_cohort,fisher_scaled_lam0p1_src,fisher_scaled_lam0p1_cohort,logit_l2_lam0p003_src,logit_l2_lam0p003_cohort,feature_l2_lam0p01_src,feature_l2_lam0p01_cohort,kd_T2_a0p99_src,kd_T2_a0p99_cohort,ntd_b0p01_t2_src,ntd_b0p01_t2_cohort
0,0.9985506551168347,0.8225200326521813,0.9985506551168347,0.8225200326521813,0.9985506551168347,0.8225200326521813,0.9985506551168347,0.8225200326521813,0.9985506551168347,0.8225200326521813,0.9985506551168347,0.8225200326521813,0.9985506551168347,0.8225200326521813
1,0.9987462890578195,0.8081145017238961,0.9987462890578195,0.8081145017238961,0.9987462890578195,0.8081145017238961,0.9987462890578195,0.8081145017238961,0.9987462890578195,0.8081145017238961,0.9987462890578195,0.8081145017238961,0.9987462890578195,0.8081145017238961
2,0.9977201162232413,0.8379297260459223,0.997682331898222,0.8267740531578389,0.997796458795467,0.8257442453833882,0.9977963860878994,0.8341767381344277,0.9975305651427645,0.8342412981607455,0.9976823967465605,0.8342111268270171,0.997796306469431,0.8322675453399085
3,0.9969599962783027,0.852823421584346,0.9974546713197596,0.8370505113638907,0.9974546205740311,0.8351503890698364,0.9974543024868693,0.8398495419741026,0.9969985836961107,0.8426948917450485,0.9970743261584616,0.8389610864535693,0.9974163370519243,0.837919273250298
4,0.9961244091918362,0.8538804408601912,0.9972264470655297,0.8453907356120656,0.9970747663638792,0.8379716326057803,0.9973021816686517,0.8482404481759314,0.9962391930821608,0.8528739787693675,0.9969609578516578,0.8473701336563277,0.9966944278326745,0.8445428250216575
5,0.9959725409449218,0.8604547178770344,0.9968839655498578,0.846265608166604,0.9968840958422585,0.8454296823395898,0.9970362444619297,0.858455476526036,0.9962005634624274,0.8595320440019485,0.9965423718457413,0.8575881218387662,0.9968082727072066,0.8566659134083864
6,0.9957441862546985,0.8614770077842164,0.9963899557474218,0.8526888266463222,0.9967319095081822,0.8556284174286302,0.996884253340389,0.8640313746286841,0.99582054224496,0.8687785240955127,0.9962766380256997,0.8604725182018903,0.9968462161632585,0.857602045480835
7,0.9958958370293767,0.869018870637742,0.9962379285614322,0.8565476660266762,0.9966561738508279,0.8565257731115914,0.9966945434096874,0.8707238285538544,0.9954785735534226,0.8688414067200021,0.9964281224605823,0.8650209781490834,0.9966944491269933,0.8642197816907323
8,0.995439865386507,0.8670932598135263,0.9960482392745835,0.861320349593071,0.9962755821525964,0.8612385338858307,0.9965416568263739,0.8734375183151323,0.9954019713070353,0.8697312445356948,0.9960481091023438,0.8734781673484631,0.9965802868328196,0.86695161245294
9,0.9946404420219568,0.8726733752750354,0.9965043350553232,0.8641841354716158,0.9957048903964542,0.8612144981242116,0.9963899834052826,0.8771547352388781,0.9956299931399668,0.8725285521746735,0.9957063216266364,0.8781699976274757,0.9965044938166975,0.8652055085283444
10,0.994222565493655,0.8809792108306209,0.9962004400091314,0.8586160959123101,0.9960114457823716,0.8659333695665818,0.9962378632545851,0.8818047837266649,0.9949459914182245,0.8717256783144941,0.9955162418806087,0.8790315367532835,0.9959713830159483,0.8780552210922101
11,0.9944135396301693,0.8828020754523697,0.9960853376449328,0.8658903758182336,0.9955538180506195,0.8678680508912625,0.9963133890181243,0.876419061226703,0.994414746302311,0.8810316157555079,0.9955155835524889,0.8828067582559367,0.9958952363237783,0.8790196767585218
12,0.9936910098348928,0.8837902717736315,0.9960477555151463,0.8669623852592113,0.9952887482063549,0.8697628230685608,0.9962761676842983,0.8800988840561209,0.9944143849248833,0.8857659428077166,0.9952862754289472,0.881932226377472,0.9956673294003398,0.8893977939785501
13,0.993500372882544,0.8856370722923455,0.9958956565869712,0.8698612271435345,0.9955166976295808,0.875316067704749,0.9958953313081006,0.8856954175473265,0.9941858360593029,0.8856880493526683,0.9951733685159753,0.8875395782443539,0.9953636373200079,0.8866110639038279
14,0.9926262478437002,0.8913485526568535,0.9957050708388595,0.8697939568221473,0.9956316572828331,0.8724508539616402,0.9959327254888568,0.8837906124497052,0.9941476682201136,0.8940299965720764,0.994793277647733,0.8921218909660474,0.9958581682813702,0.8857180959177645
15,0.992095529284873,0.8986555438535381,0.9961239327129584,0.8763580761500354,0.9952486066837383,0.8744304223439392,0.9959712545825151,0.8865329209115151,0.9935772803767268,0.8950858038907992,0.9947934797711696,0.8939984429431886,0.9956292784014071,0.8894321826711395
16,0.9930839039555754,0.8968253317025575,0.995705418377431,0.876281610559551,0.9952491405213839,0.8762636398966581,0.9955143563765069,0.8930741915309284,0.993161013942853,0.8960022423291217,0.9942991131129344,0.8911205771234968,0.995363637337062,0.8885334197890408
17,0.9917160591163984,0.8978319890353963,0.9960862777149577,0.8735332369990148,0.9958960395224714,0.8819724555355016,0.9952488022972426,0.8960900775656837,0.9937678801933403,0.8931361117355595,0.9943760931227273,0.8968442581588405,0.9952874473716802,0.8940988195266599
18,0.990690730928866,0.9043840780304856,0.9957446329501968,0.8716837510892095,0.9957439612928916,0.8772925308206555,0.9951730447668997,0.8958733718137505,0.9930060377841833,0.8995994888999244,0.9934264289023084,0.9015463708954404,0.9949072463963814,0.9007686199853705
19,0.9906135293091229,0.9044125014890027,0.9955926422153684,0.8734855148776948,0.995402911674922,0.8839640542505992,0.995250536916253,0.8959332490365013,0.9929302752019068,0.8996922228474948,0.9937675446318601,0.9099613584282931,0.9947930451245589,0.9043916957624082
20,0.9921732106330263,0.9024909376856111,0.9958582991211299,0.8743752528287335,0.9959345171687731,0.8744667292497768,0.9950590344461576,0.9007029727705624,0.9930448564071792,0.9052185510889577,0.9936913622448994,0.9052649701143457,0.9948309175229995,0.9033793932061445
21,0.9909922858480125,0.9035073328321037,0.9958952445697196,0.8717541266769893,0.9955917399315448,0.8772491963962333,0.9951727286993521,0.904357136731782,0.9918694822586,0.904287101820076,0.9936537519440011,0.9090206683209097,0.9948308887561639,0.9007368960184458
22,0.9908798435946764,0.9081295480747116,0.9953240320413634,0.8791179896946861,0.995631546385298,0.8792259546188088,0.9949450959223435,0.9042825437851412,0.9919829950322109,0.906251954478485,0.9935009940749284,0.9061203193727949,0.9942234889488388,0.9035687626880509
23,0.9903852409081827,0.9053692689500088,0.9955924266738959,0.8801153269897956,0.9955537249970611,0.880112787032763,0.9952865928485889,0.9007464319636166,0.9919057705050986,0.9117452763225177,0.9930845700540738,0.9015148172665527,0.9945638828369724,0.9072651738852021
24,0.9894343885196998,0.902425755915509,0.9955924494091594,0.8764103107368854,0.9955928375167543,0.8745907466235442,0.9946033574535581,0.8997055107068207,0.9920578064268487,0.9015912579530588,0.9928913251604814,0.9099257122091765,0.9940317182437247,0.9081297184127485
25,0.9890927879935326,0.9052873284741364,0.9952120292057639,0.8763157041454713,0.9947565043095546,0.8829161054752188,0.9947556745385435,0.9006055311154467,0.9913361421834268,0.9108646793453268,0.9925138415489085,0.9109615850823535,0.9941097168330364,0.9081519064345024
26,0.9897386314193788,0.9090897863821623,0.9960480954752966,0.8790299841200873,0.9950592002961339,0.8838508552525081,0.9945666638199011,0.9052663979789097,0.9922103904836092,0.9071820214522072,0.9923620171368215,0.9072040391359242,0.9941089922703757,0.9108926373591378
27,0.988674589469218,0.9128245085240949,0.9960854739205408,0.8753891080181936,0.99467814611573,0.886724333375302,0.9941087181786882,0.9081445589052707,0.9913731670755817,0.9042319074008921,0.9922857761449034,0.9146533134759379,0.9936168621665349,0.9137783161527673
28,0.9881789638490612,0.9137604702585067,0.9955526813989108,0.8809676708465064,0.9954017778162523,0.886678039118546,0.9940337924532272,0.9091046268746844,0.9923225284204235,0.9089449632818004,0.9923999675037746,0.9109903741209225,0.9932725152809433,0.9118273871364271
29,0.988480909929015,0.9136906056848376,0.99517338539457,0.8922354555441906,0.9954400159737364,0.8941151127877243,0.9937273472255285,0.9128409016498134,0.9922093914937109,0.9117753228876139,0.9922478601035928,0.9118752340263792,0.9938433095657209,0.9128093480209256
30,0.9894700505048261,0.9098868902502845,0.9945268983389377,0.8810527165887714,0.9952118572183111,0.8904382497906401,0.9943750755597527,0.9091390155672738,0.9922480149930218,0.9099480705689672,0.9918294919736789,0.9119215282831351,0.9938423406947523,0.9091477909610696
31,0.9887872930125637,0.9118198941731367,0.9952888708144298,0.8884525914056367,0.9954006065580935,0.887543795603215,0.994792678995857,0.9072953452189305,0.9912583481579864,0.9164579123281248,0.9907657501806505,0.9119690800664182,0.9935002561453943,0.9138396212400822
32,0.9887121073150792,0.9137171814034893,0.9957055422003851,0.8875524006589738,0.9952109235693681,0.8875348954407869,0.9940706312382653,0.911930428445563,0.9914111632799223,0.9109092257268713,0.9914882239351454,0.9109661431172883,0.9936905444878853,0.9137694159903393
33,0.9885216014832979,0.912725979680489,0.995630774376821,0.8921401024403601,0.9947180622009769,0.8819516498089072,0.993995018068825,0.9137964571536971,0.9914498142110286,0.9126828611635086,0.9916397526086217,0.9174883558853183,0.9931573197259712,0.9147263537893824
34,0.9879523553578098,0.9109079682003441,0.9948326172547519,0.8838116134183147,0.9952498500850514,0.8875319356084531,0.9935750083393509,0.913800844850595,0.9915249784051829,0.9128218437984302,0.9918664228468934,0.9137131343826652,0.9932329460326396,0.9119315156340534
35,0.9875706002606484,0.911821276468296,0.9942251881709204,0.8865598166408142,0.9955918272315413,0.8885040339106656,0.9936890995418052,0.9165879948006185,0.9900045482971638,0.9108301203147005,0.9911829408090246,0.9146578715108726,0.9931965062164755,0.9166430644511702
36,0.9884455702963444,0.9072328281744931,0.9950591274656079,0.8856343077020267,0.9949454805077997,0.8940883667310356,0.9934236269086663,0.9157087801185869,0.9901945176759616,0.9128007429651667,0.9908018223930599,0.9147088485711955,0.9929681230061164,0.914751671981507
37,0.9881384502145353,0.9079611546574365,0.9955907779714773,0.8875333428075907,0.9950582090595601,0.8912744707243235,0.9928527962445239,0.9138397460087144,0.9900056198026721,0.9146264426506171,0.9904993874497905,0.9147119787415662,0.9926636056962538,0.9194346020980916
38,0.9871882347264771,0.9146336198418119,0.9953636376896662,0.8893141305314446,0.9950595980878171,0.8912234936640007,0.9939179742649259,0.9110125621426763,0.9907266842170271,0.913735322404419,0.9907639802535617,0.911869464034322,0.9928165003478078,0.9176600498110009
39,0.9875312733596195,0.917443003382994,0.9950973980452416,0.8902918740570821,0.9950225436752537,0.8949872999511714,0.9938053310823982,0.9110824722857501,0.9906516988871187,0.9155833804496601,0.9897391433669818,0.9165389359535439,0.9930826396779663,0.9157685325727055
40,0.9870779294423689,0.9156592102574016,0.9946786898322187,0.888430233045846,0.9951357238723805,0.8913010464429753,0.993272732824976,0.916614616088675,0.9903461190570054,0.9165567362783998,0.989930343115769,0.9175404201341315,0.9930058703901554,0.9156653209255327
41,0.9864688219032673,0.9136990404025596,0.9947561661401556,0.8940733559004767,0.9945654140863566,0.8922132675224368,0.9933858627348829,0.9194751014588121,0.989661930225076,0.9117737702544176,0.9893212424364064,0.9109525601512933,0.9919798705254661,0.9185749107121491
42,0.9866198212266186,0.9127127373905679,0.995325116208537,0.8902544799627542,0.9950611525622839,0.8940581953973072,0.9934237413767044,0.9156609332286347,0.9902310241994315,0.9164521423360675,0.9893230437456687,0.9138275909072836,0.9919028932028076,0.9232845413160177
43,0.9852898649251605,0.9098805300448891,0.995097520759221,0.8865013217132227,0.9949470176999055,0.8884619570127706,0.9929663799321533,0.918474829235347,0.9893939684662396,0.9136515341886812,0.9887535076180778,0.9166444923157343,0.99194114650008,0.9232279190322698
44,0.9846031720772426,0.9136110348279608,0.9947181795338503,0.8902711930991198,0.9941482396662596,0.892252214249961,0.9924333929543584,0.919492901783668,0.989320644246878,0.9117467290910599,0.9887128322030732,0.9184747044667148,0.9917500914989075,0.9213839535772574
45,0.9849842268910585,0.918395723823176,0.9953254935681763,0.8903217502841414,0.9944911905408969,0.8996981880815672,0.9922813090941751,0.9194871317916107,0.9896996703832981,0.9136307284620867,0.9886741739743535,0.9203050869557321,0.9918274755437645,0.9231367832873002
46,0.9852153804422953,0.9128171609948633,0.9947928094489045,0.8949417977762367,0.9946043554951285,0.8949855520759601,0.9924730668568161,0.9175969968484747,0.9892827558150636,0.9127737018018091,0.9888278493899965,0.9231490295275405,0.9908407134079248,0.9231935303396803
47,0.9850991721097309,0.9156759689631719,0.9942611665044021,0.896794663393677,0.9941484897971282,0.8959021608523196,0.9923960714982236,0.9213484776961778,0.9889418856741177,0.9119288758123668,0.9876506821439881,0.9213229891660163,0.9909912646325216,0.9240755800854136
48,0.9830090690404774,0.9147383841221811,0.9940706103306587,0.9052634630505542,0.9948696271479137,0.8968456404539998,0.9927007405007102,0.9203660513669732,0.9883702972818093,0.9164758829910176,0.9884478224047107,0.9185134808562021,0.9909523735280236,0.9222502210760369
49,0.9836927469036595,0.9109628675128589,0.9944134037242194,0.8968723865106885,0.9939200558580946,0.8997164538511291,0.9923213348307675,0.9260538909411853,0.9884479773972468,0.9127859024726446,0.9888258921984516,0.9185314515190949,0.9915247304955209,0.922361992209564
50,0.9838080653368381,0.9119842405695876,0.9936905966027619,0.8977933829839458,0.9938057702165294,0.8977156598669345,0.9923970838891036,0.9213275016315464,0.9885592777038211,0.9183047128468388,0.9887527711124341,0.9184406108807944,0.9919792717676856,0.9242236787902048
51,0.9833501433074201,0.9157072274853907,0.9938048544428736,0.8949842945494328,0.9943758143999265,0.8968921050487927,0.9922467332958367,0.9166492998879334,0.9885231552902447,0.9202601998981138,0.9882963217587534,0.9213140890035884,0.991751060369876,0.9232623532942639
52,0.982283423683228,0.9119288758123668,0.9939946451351265,0.8977681895604536,0.9943751620002719,0.8977922957954556,0.9917527451367435,0.9167088820040151,0.9880286971423544,0.9174104624302699,0.9879926431682539,0.9156220320705153,0.9914853702097585,0.92421912075527
53,0.9825152481524534,0.9155907279788918,0.9946023911118747,0.8987188919227334,0.9938433036202016,0.8968931922372829,0.9920173079794341,0.9157967856931857,0.9886352506697318,0.9165864421674222,0.9881431529266614,0.9221966041940275,0.9913331176411415,0.9288496459469677
54,0.9817509996248299,0.9165207949526142,0.9944123257115763,0.9025512011538405,0.9940707852142572,0.9016240940124519,0.9922440659932652,0.9128707778768727,0.9879889469931366,0.9193094975358339,0.9884472947215958,0.9212484417887803,0.991295340507831,0.9270150460990894
55,0.9823234268075153,0.9118635237042277,0.9942614547157537,0.9044023893694523,0.9946040241676317,0.89689787504085,0.9917488271871903,0.9147785883762325,0.9870770753266243,0.9164791834994251,0.9879156671286907,0.9212425014586861,0.9903432329642116,0.9298275598106421
56,0.9810288308373228,0.9127948026350725,0.9942226956630971,0.8987282575298673,0.994033633514152,0.8969324340714762,0.9911034491567162,0.9185478695487914,0.9873442283279606,0.919370632285112,0.9883318824130697,0.9184268575767626,0.9913319175820391,0.9250491062521901
57,0.9806109480315319,0.9175255796416094,0.9938434054293721,0.9006762267138738,0.9935403900554816,0.9024662801802076,0.9921322403928483,0.9166788810083236,0.987760679305048,0.9155177332348521,0.9866627298619973,0.9230964542646166,0.9908001233998414,0.9270150460990894
58,0.9798895134321924,0.9184435707131282,0.994261491519519,0.8987606032405763,0.9932354406972922,0.8930791943451425,0.9917505628056907,0.9194883893181379,0.9885603332620084,0.9165135721920146,0.986966203098147,0.9230966246026535,0.9911820527848776,0.9250878826416774
59,0.9804219661166308,0.9174791150468166,0.993882403057409,0.900601633767233,0.9929328294124257,0.9025349327967541,0.992435113504867,0.9194571307959193,0.9878755573031635,0.9155789927527622,0.9871932482897314,0.9202350520440261,0.9911819161943536,0.9260835968302078
60,0.9812953178639021,0.9193393737628933,0.9936906335124318,0.9063040187272982,0.9939195149516987,0.8967709227387269,0.9917887676917648,0.9147696882138046,0.9879912528115933,0.9147086782331586,0.9871187926796063,0.9211516608203857,0.9915611270384731,0.9252012519778055
61,0.9795107933956262,0.918400406626743,0.9942235487309872,0.898741420620561,0.9933497040962107,0.899753847945457,0.9915220281315708,0.9185403516815228,0.9879142372989672,0.9156088689798216,0.9865095566900174,0.9164999892260197,0.9910667840808834,0.9261061255280354
62,0.9793210431795066,0.9155908983169287,0.9930821010001961,0.90251070179312,0.9929695024363379,0.9034544765014694,0.9906860788970496,0.918583515767908,0.9872311178676616,0.9128636255896561,0.98597874544729,0.9193780253837484,0.991141209257163,0.9260762493009761
63,0.980002709857448,0.919370632285112,0.992663782158012,0.8997057059488357,0.9935379708196388,0.9016300343425462,0.9916376223234469,0.9195390712717917,0.986163981248878,0.9145876662611299,0.9860157134391858,0.923117600667285,0.9909527502201428,0.9298289421058016
64,0.9789381979253275,0.9174359509604314,0.9931583901772472,0.9015476284219677,0.9931969319155167,0.9033558228892312,0.9916750007686912,0.9213871293170328,0.9869634887194172,0.9202276589453897,0.9865850045909487,0.9202470823768248,0.9912942577098056,0.9298975947223481
65,0.9804232908581647,0.9193961208152734,0.9930062930049326,0.897841229873898,0.99304429849923,0.9080612361342388,0.9914851516662359,0.9194360299626557,0.9860149018611754,0.9213053136097925,0.9858250352161854,0.9231132129703871,0.9906859319350656,0.9260807617665061
66,0.9798532702318202,0.9202708230317749,0.9931204829946555,0.9071432450627199,0.9925897730684817,0.9034466635275317,0.9913320131791391,0.9185524275837262,0.9865829003210977,0.9203261877889957,0.9853685482369502,0.9202392694028871,0.9905711405722243,0.9289497274237699
67,0.9787510646662371,0.918452641213593,0.9930824117897444,0.9007450496684573,0.9927030742614158,0.8968123389499008,0.9914075762362629,0.9213481825895087,0.9856700218395663,0.9155955811204958,0.9861283669015255,0.9202752107286728,0.9908394847739442,0.9289109510342827
68,0.9789411524975593,0.9156221568391475,0.9926269737556573,0.9034526038576258,0.9924008125688429,0.9006522908169086,0.9920558244284812,0.9194615184928171,0.9856706958143476,0.916538765615507,0.9868510072964751,0.924017621075911,0.9905721159503276,0.9270105336335592
69,0.9774981473247143,0.9212665372203053,0.9930823461679814,0.9109466198211992,0.9931594000558961,0.8941554418104078,0.9916377516334115,0.9222785446699,0.98510090718725,0.9137267173486602,0.9863944581730899,0.9212438837538455,0.9910285441845927,0.9251268293692015
70,0.9766593770110061,0.9194391145636217,0.9917148108031643,0.907188903536733,0.9919433358110327,0.9034424461686706,0.9909898360006232,0.9185236385451572,0.9864686495667905,0.9193393737628933,0.9859762571393419,0.924022133541441,0.9908389997342093,0.9250880529797143
71,0.9776488360947994,0.9202841108911007,0.9922086408477689,0.9071939270163737,0.9927401852621199,0.8949808692723931,0.9909144176911141,0.9195060648743617,0.9859717997520677,0.9146517608427416,0.9859372415991121,0.9193300081557594,0.990952780427923,0.9270539928266136
72,0.976358245877191,0.9213007555748578,0.9918678328886614,0.9072591087864759,0.9922860840724141,0.9005685026011707,0.9915605629759933,0.917609072750678,0.9855164694215082,0.9203483758107495,0.9853315255214762,0.9221051277729843,0.9908769081082482,0.9270360221637207
73,0.9767734206202123,0.9184884122013418,0.9916778984312298,0.8997280643086265,0.9920586336515206,0.904377025607923,0.9921305044046896,0.9212919009818346,0.9846424767835297,0.9221532697696054,0.9854457329855175,0.9183522646301219,0.9904582287679655,0.9289198511967106
74,0.9773044865050193,0.9213142137722206,0.9918677559025849,0.9101554107137665,0.992286220977854,0.8969204037386775,0.9905341302752962,0.9175924843829446,0.9852914114031833,0.9222278627162462,0.9855594317432866,0.9230576778751294,0.9912572611287751,0.9260970550275704
75,0.9771172046887312,0.9221530994315685,0.992285372722617,0.9100686170962901,0.9933866415654106,0.897968182176021,0.9909149318843968,0.9175537079934574,0.9854417473294271,0.9222653815792063,0.9856729970184864,0.9241222150182432,0.99110416291284,0.9279019489864264
76,0.9757895158642907,0.9185778705444829,0.9921703422406164,0.9044680365842603,0.9923217739819526,0.9054141560076272,0.9906477144214343,0.9166058406948792,0.9855947335793385,0.9222144045188835,0.9853684571510612,0.918371617588174,0.9914076682355889,0.9251328944679279
77,0.9746843918288717,0.9184391830162303,0.9911050559209631,0.9109508371800602,0.9915244839387357,0.9063697115115109,0.9909531509107693,0.9194494425906138,0.9857054917646376,0.9212740550875739,0.9844216847563638,0.9164924713587511,0.9908756369744803,0.9223114805939471
78,0.9743430323319934,0.9184737420468566,0.9912962670162273,0.9081206934816883,0.9922464794065474,0.9034019468079502,0.9902673905374011,0.9166279039480008,0.9854418744107661,0.9184435707131282,0.9844202256188234,0.9192941666946277,0.991181360394869,0.9279885722658658
79,0.9746846873414169,0.9175046035769779,0.9917916796893566,0.908080194120968,0.99224583690279,0.9015132397293782,0.990153668345538,0.9176057722422705,0.9852514199922334,0.9194259970423327,0.9829765199123529,0.922090387145116,0.9908773568574689,0.9317101768865096
80,0.9750256376077046,0.9203364702465829,0.9911067310207964,0.9118857572953863,0.9919439144687392,0.9007284613007238,0.9895444320580873,0.9176146724046985,0.9845282381292723,0.9194228668719621,0.9845345013815454,0.9240057155117445,0.9903822416105944,0.929836630311107
81,0.97441914731002,0.9147264785580146,0.9918305837533817,0.9081387889132133,0.9918291072303734,0.8987592209454169,0.991712957659833,0.9129052121388668,0.9849475272805718,0.9203394756483215,0.9835875188292791,0.9156221568391475,0.9908765236286965,0.9288664046527381
82,0.9727470984627599,0.9175013030685704,0.9915634325590681,0.9126945963896381,0.9903485945255872,0.9073220912756191,0.9908388403053149,0.9232410821229634,0.9847954435639814,0.9203483758107495,0.9826734466898756,0.9212155601599824,0.9903442250602628,0.9288588867854695
83,0.9732783771752159,0.9156443448609013,0.9911073529866055,0.9062773182400142,0.9912952465919976,0.9062546192041496,0.9902688527658422,0.923215593592802,0.9833504686921952,0.9194392849016586,0.9837357000339665,0.9212796547415942,0.9905729272002071,0.9288575044903101
84,0.9736973507449483,0.9166311588870036,0.9909538365441457,0.9100988339994233,0.9916381244612056,0.9015943881234295,0.9903808650349915,0.9194272545688599,0.9846436453204461,0.9222053340184185,0.9841908493811393,0.9221098105765512,0.9905732308151005,0.9279407253759138
85,0.9736567428579975,0.9155667920819267,0.9912596325832514,0.911958922377463,0.9913317158766253,0.9109573677234926,0.990915984635289,0.9232487703282689,0.9842247798040478,0.9203139871181601,0.9837354547432225,0.9202884985879987,0.9905721817640479,0.9298410180080049
86,0.972210617893035,0.9136562169922482,0.9917161029333892,0.9100212812204487,0.9918650923141092,0.9005195685227283,0.9905363719676769,0.9250370759193914,0.9838836010133286,0.9203826397347067,0.9835820046788963,0.9137919446881669,0.9905346742896468,0.9251236991988309
87,0.9719120801011969,0.9202963115619364,0.9909171012531248,0.9119171405862372,0.9920181154538388,0.9043171028157675,0.9904590600659742,0.918531281181058,0.9838440342670393,0.916600365809491,0.9840764631075944,0.9202619228693469,0.9906481630647505,0.9288887630125289
88,0.9727851050795059,0.9184571536791232,0.9915260756718964,0.9129083423092375,0.9919796735741241,0.9034380584717727,0.9903084993151383,0.918504580693774,0.9827423508087101,0.9194005085121713,0.9828993542539519,0.9137573856575407,0.9901924654965142,0.9307712097503593
89,0.9725940461560086,0.9166316243317096,0.991221322070804,0.9147607880513765,0.991714215375565,0.9082046064660584,0.9910679026454959,0.9222278627162462,0.9838073128148747,0.916591295309026,0.9815700311418211,0.9174611443839238,0.9901925454128446,0.929779883258727
90,0.9712639935002974,0.9184435707131282,0.9918298980105207,0.909225514078081,0.9914086371926103,0.9109350093637018,0.9912200382338435,0.9157323960049049,0.9833520672201358,0.9174792853848535,0.9829374702590723,0.9230487777127014,0.9900771323308939,0.9297665953994011
91,0.9719088121989317,0.9118963348596427,0.9919051262966428,0.9119797281040575,0.9910313836288861,0.9090555680276098,0.9909158425577544,0.9223230910514446,0.98320037079319,0.9185003177655083,0.9827840275784123,0.9155144327264445,0.9903819945980981,0.9316968890271837
92,0.9723278547450814,0.9156046516209606,0.9911437649124654,0.909094049310428,0.9915260711947934,0.9033902115818206,0.9905351839027197,0.9241578612373599,0.9835787689294314,0.9203006992588343,0.9820253695783093,0.9193019796685653,0.9907243120914506,0.9288962808797975
93,0.9715658520788631,0.9156669983273611,0.9910689687464663,0.9101241521915477,0.9914495133789573,0.9117875235584495,0.9910685755660449,0.9223098031921187,0.9839988317562182,0.9165403182487032,0.9834312091467743,0.9146831897029972,0.9905330971687669,0.9269750577524796
94,0.9718312111546035,0.913748905370414,0.9899682524202993,0.9137786568288411,0.9907623913098597,0.910143970594306,0.9901151521225563,0.9203438633452194,0.9839594909577519,0.9175136740774429,0.982630507402005,0.9211888141032938,0.9901161583041634,0.9279185373541599
95,0.9713760604108108,0.9127305377154238,0.9905369874029194,0.9082328052912892,0.9912960423352281,0.9072370455333542,0.9904595786095625,0.9194751014588121,0.9836950444654987,0.9204007807356365,0.982327624709005,0.9213112539398867,0.9908007479980424,0.9270361925017576
96,0.9713370751707917,0.9109363916588612,0.9908405857621727,0.9101421228544406,0.9919414786180554,0.9099879341469448,0.9903818047901004,0.9194883893181379,0.9812998498026722,0.9165790946381905,0.9825941526223212,0.9174835027437145,0.9909529700269092,0.9251313874041364
97,0.9702387127934721,0.9166163183944815,0.9910693674345326,0.9073637027288081,0.9912953546274951,0.9071682681481754,0.9899265209779224,0.919413671602865,0.9827827519023815,0.9203184995836902,0.9824813201557231,0.9175269619367687,0.9907630062616607,0.9288918931828996
98,0.9702780366451274,0.9147610375886409,0.9916789177528625,0.9118633989355956,0.9907993650354656,0.9090522675192022,0.9905347280847487,0.9232188941012096,0.9832762900283761,0.9165794353142643,0.9826686733445386,0.9193675021147413,0.9908016146041293,0.9242179087981476
99,0.9695940451718864,0.9175269619367687,0.9917146798602976,0.9146425655736447,0.9906123139694369,0.9109703604761493,0.9907651235353636,0.9250326882224935,0.9832763259698665,0.918461711714058,0.983165168795059,0.9175702963611908,0.9904962888893709,0.9279541835732765
100,0.9682238048486741,0.9175344798040374,0.9914505490318256,0.9109583550473288,0.9910303499984295,0.9118750636883424,0.9895080351284228,0.920379509564336,0.9830468744849123,0.9156224975152213,0.9819858765390773,0.9156219865011106,0.9907247948684518,0.9269615995551168
