round,kd_T0p25_a0p9_src,kd_T0p25_a0p9_cohort,fisher_lam8_src,fisher_lam8_cohort,hybrid_mix0p25_src,hybrid_mix0p25_cohort,hybrid_mix0p5_src,hybrid_mix0p5_cohort,hybrid_mix0p75_src,hybrid_mix0p75_cohort,kd_T2_a0p99_src,kd_T2_a0p99_cohort,fisher_lam0p1_src,fisher_lam0p1_cohort,hybrid_seq_mix0p25_src,hybrid_seq_mix0p25_cohort,hybrid_seq_mix0p5_src,hybrid_seq_mix0p5_cohort,hybrid_seq_mix0p75_src,hybrid_seq_mix0p75_cohort
0,0.9985506551168347,0.8225200326521813,0.9985506551168347,0.8225200326521813,0.9985506551168347,0.8225200326521813,0.9985506551168347,0.8225200326521813,0.9985506551168347,0.8225200326521813,0.9985506551168347,0.8225200326521813,0.9985506551168347,0.8225200326521813,0.9985506551168347,0.8225200326521813,0.9985506551168347,0.8225200326521813,0.9985506551168347,0.8225200326521813
1,0.9987462890578195,0.8081145017238961,0.9987462890578195,0.8081145017238961,0.9987462890578195,0.8081145017238961,0.9987462890578195,0.8081145017238961,0.9987462890578195,0.8081145017238961,0.9987462890578195,0.8081145017238961,0.9987462890578195,0.8081145017238961,0.9987462890578195,0.8081145017238961,0.9987462890578195,0.8081145017238961,0.9987462890578195,0.8081145017238961
2,0.9970371338032801,0.8397643714632054,0.9980620347477198,0.8221632465042453,0.997454476107224,0.8341021451877869,0.9976064017129063,0.840652486307665,0.997150609827868,0.8387953577619589,0.9976823967465605,0.8342111268270171,0.997682331898222,0.8267740531578389,0.9976443235938315,0.8341245035475777,0.9976444100172966,0.8305672453233849,0.997758240508411,0.8314138191880384
3,0.9964670417703002,0.8491555043190945,0.9980247047136739,0.8286135061473212,0.9975304203951497,0.8378506206337515,0.9974924847983268,0.8379028552206015,0.9975302622124451,0.8397644962318376,0.9970743261584616,0.8389610864535693,0.9974546713197596,0.8370505113638907,0.9973023837750342,0.8406269977775035,0.9971126666526238,0.8351467934547597,0.9974922171760857,0.8407034633679877
4,0.9966183459717889,0.8491792449740446,0.9967704530911629,0.8369401474295012,0.9967318351336047,0.8425247753565404,0.9971875340709891,0.8396986786789926,0.9971498581483279,0.8434708947799072,0.9969609578516578,0.8473701336563277,0.9972264470655297,0.8453907356120656,0.9968458480867388,0.8472759925096196,0.9971126594609149,0.8398209481775486,0.9968839219240418,0.8482451309794983
5,0.9965424514642098,0.8530068714015847,0.9956314896769962,0.8424409871408025,0.9968842465183384,0.8442964925799293,0.9972265187188648,0.8453324110225111,0.996808229820707,0.850878457802078,0.9965423718457413,0.8575881218387662,0.9968839655498578,0.846265608166604,0.9966947311326522,0.8491537564438832,0.9968082226119441,0.8500526896640189,0.9965423433597136,0.8492106738343003
6,0.9959345170969768,0.8557668098502137,0.995098114714565,0.8481940540545214,0.996352691489408,0.8509273918805205,0.9969984163020829,0.8519953543006741,0.9963504357491596,0.8519634350917344,0.9962766380256997,0.8604725182018903,0.9963899557474218,0.8526888266463222,0.9966943053277064,0.8548744776468932,0.9964277900788532,0.8594588789198718,0.9965802144949104,0.8566344596441525
7,0.9957433549396358,0.8678766559470213,0.99505981605267,0.8480820670135527,0.9963521477558651,0.8500781781941804,0.9963910261098473,0.8509871443346392,0.996504197780225,0.8518872895118973,0.9964281224605823,0.8650209781490834,0.9962379285614322,0.8565476660266762,0.9966181946111349,0.8632808145545822,0.9963147335269797,0.8549164840714051,0.996200837222145,0.8678860215541553
8,0.995289008106582,0.8716926968210422,0.9947961139280871,0.8406582812037003,0.9961250297508087,0.8527951684638657,0.9963900128566923,0.8519833239678755,0.9966182450590015,0.8575152518633586,0.9960481091023438,0.8734781673484631,0.9960482392745835,0.861320349593071,0.9963147692047163,0.8689342654362048,0.9961625615763213,0.8586815478851031,0.9962000570565772,0.8633733781641157
9,0.9948685662946731,0.873364332567629,0.9956691373944376,0.8510631444804174,0.9962387801336354,0.8650180432207277,0.9968837631456134,0.8584631191619368,0.995858646272989,0.8697459851635629,0.9957063216266364,0.8781699976274757,0.9965043350553232,0.8641841354716158,0.9965041762050985,0.86881278801947,0.9959338237415863,0.8677814276118231,0.9960477047694178,0.8669962836031165
10,0.9950970726604663,0.8790446998439772,0.9953271846502212,0.8482820596291202,0.9955918040064586,0.8584875205036079,0.996008770408762,0.857457292853856,0.9965797458034651,0.8632972325842787,0.9955162418806087,0.8790315367532835,0.9962004400091314,0.8586160959123101,0.9959347494111395,0.8735690535561682,0.9958206588932592,0.8717244207879669,0.9961621704837302,0.8735469903030466
11,0.9949825621602011,0.8800092802789211,0.9947172683536196,0.8519859886935401,0.9955933154195227,0.8604998001766678,0.996617636969737,0.8649419975055447,0.9959715556538672,0.867869628428437,0.9955155835524889,0.8828067582559367,0.9960853376449328,0.8658903758182336,0.9958581820861183,0.8762756453254786,0.9960470898723591,0.868911611969745,0.9957441718371727,0.8744515231772026
12,0.9947935030133063,0.8809393472526433,0.9956675911829661,0.8548392513030778,0.995744936178378,0.8659754008950721,0.9958955612329907,0.8641797477747178,0.9955905597428706,0.8678339573053422,0.9952862754289472,0.881932226377472,0.9960477555151463,0.8669623852592113,0.9958597506631951,0.8744304223439392,0.9960085457107088,0.8753920429465492,0.9959716156279729,0.8771875712982712
13,0.9938036669082215,0.8828205364639466,0.9952522051051851,0.8530298448786918,0.9965412664901533,0.8677768695768883,0.9967329930796323,0.8641020246577064,0.9958195589564656,0.8688087203332193,0.9951733685159753,0.8875395782443539,0.9958956565869712,0.8698612271435345,0.9959726558544146,0.8745023754688934,0.9961618888306756,0.873482555045361,0.9963898828792075,0.8773175290021328
14,0.9940328193926,0.8883764209218216,0.9958946375659978,0.8577070050032192,0.9958587883334695,0.8689805596929606,0.995857879857427,0.8688460439541643,0.9963905114751099,0.8687891721331521,0.994793277647733,0.8921218909660474,0.9957050708388595,0.8697939568221473,0.9956688046430503,0.8856402480321208,0.9957441920772592,0.8800433738648414,0.9965030278741605,0.8782012561496944
15,0.9936538308608415,0.887539407906317,0.9958591064376853,0.8548061201370156,0.995477230170596,0.8687891721331521,0.9959339037297131,0.8660967535431747,0.9957461016687186,0.8762683227002251,0.9947934797711696,0.8939984429431886,0.9961239327129584,0.8763580761500354,0.9960865591248929,0.8847397166093841,0.9955527764002872,0.8828082110244789,0.9956296695828486,0.886597015493127
16,0.9933494598596992,0.8958033369020446,0.9954017378355334,0.859422145512265,0.9959342077313189,0.8697369146630981,0.9963522132717236,0.8716573457085947,0.996428555474291,0.8688417018266712,0.9942991131129344,0.8911205771234968,0.995705418377431,0.876281610559551,0.9958961545208148,0.8818526555205952,0.9954764181643461,0.8874449716529399,0.9952899333894228,0.8847131408907324
17,0.9931591115089944,0.890399768507822,0.9949844067284188,0.8559349221997782,0.9960114528511218,0.8743888357947284,0.9948679448591692,0.8791779124868416,0.9966946875956867,0.867871521737707,0.9943760931227273,0.8968442581588405,0.9960862777149577,0.8735332369990148,0.995591398232588,0.8894306300379433,0.9953634206211962,0.8828108508461655,0.9954402465661467,0.88372632686463
18,0.9935787970308843,0.8930926525425054,0.9962754592779701,0.8697969622238858,0.9958962062148711,0.8669497191436698,0.9963894191508454,0.8708328350970628,0.9958584339899015,0.876281610559551,0.9934264289023084,0.9015463708954404,0.9957446329501968,0.8716837510892095,0.9959730963406399,0.8855864608120745,0.9955537882124976,0.8882896273043451,0.9957062194676594,0.8817752275102528
19,0.9927784574028591,0.8968247099587733,0.9944160475209005,0.8698238330492066,0.9957454776662412,0.8782452056914328,0.9964279122689054,0.8734245504664536,0.9967702001160933,0.8716512101364855,0.9937675446318601,0.9099613584282931,0.9955926422153684,0.8734855148776948,0.9958956191533741,0.8816929919277113,0.9957814422838251,0.8865563913637744,0.9955530072905593,0.8959063782111806
20,0.9927818112387703,0.8959273542758119,0.995780935227509,0.8577310407648383,0.9956306653069429,0.8773268946092667,0.9950589551973473,0.8763641412487616,0.9958206274051813,0.87800773978231,0.9936913622448994,0.9052649701143457,0.9958582991211299,0.8743752528287335,0.9958581086939767,0.8883961394599257,0.9955141814758544,0.8873882246005598,0.9956292048173082,0.889293029698181
21,0.9932739623731763,0.8940064262551631,0.9950995785486374,0.8650064327632303,0.9958213371636038,0.8745173407300477,0.9957823686379523,0.8781759628615481,0.996617768966836,0.8727484585703603,0.9936537519440011,0.9090206683209097,0.9958952445697196,0.8717541266769893,0.9954792534737231,0.8874194831227785,0.9950973955500645,0.8893229059252403,0.9949837108607973,0.8930280469467827
22,0.9926682906919834,0.8969577978330054,0.9953629778004408,0.8771713485105898,0.9945283670745135,0.872808506131148,0.9954779154890565,0.8699287220982079,0.9954396891337602,0.8846011994191684,0.9935009940749284,0.9061203193727949,0.9953240320413634,0.8791179896946861,0.9951739628750856,0.8902887438867114,0.9953640120984174,0.8912786880831844,0.9957449451088934,0.8838220206445343
23,0.9925881110717685,0.9052426573239597,0.9954019163716482,0.8623342296865093,0.9957058817908772,0.8774405134826591,0.9960858070756945,0.8808912052560222,0.9963511647822866,0.8808739951445043,0.9930845700540738,0.9015148172665527,0.9955924266738959,0.8801153269897956,0.9959726257184309,0.89029626175398,0.9954030049922342,0.8902440271671299,0.9953262222145911,0.893066528229601
24,0.9927054676123124,0.8978131015220501,0.9955163343384434,0.8715017747059396,0.9950949303197674,0.8818994152220571,0.9946793398596551,0.8838205135807428,0.9958974547022259,0.8809226341162777,0.9928913251604814,0.9099257122091765,0.9955924494091594,0.8764103107368854,0.9954402177822571,0.8846922103955057,0.9955165455843528,0.8911310548230992,0.9956678138102428,0.8986977910894698
25,0.992019198221595,0.8996971008930769,0.9954028108680392,0.8680149169735047,0.995858892248307,0.8690881134676267,0.9953632823466082,0.880018350779386,0.9956296596698972,0.8791256778999915,0.9925138415489085,0.9109615850823535,0.9952120292057639,0.8763157041454713,0.9955554077613683,0.8828549707259408,0.9956290755073436,0.8884316153410053,0.9956301825128876,0.9006565081757696
26,0.9923262064091767,0.9033841464830943,0.9950611492794259,0.8753723948818279,0.995743592056235,0.8839238499965478,0.9954390569816112,0.8801720740421757,0.9958581884354039,0.8742646936523288,0.9923620171368215,0.9072040391359242,0.9960480954752966,0.8790299841200873,0.9955161551592817,0.889387170844889,0.9954398574043195,0.8987145042258355,0.995326741353903,0.9014625826797027
27,0.9916014931710752,0.9024766082071997,0.995705910978533,0.872643864628028,0.9960862616645298,0.881969450133763,0.99593286869242,0.8772598195298945,0.9952500313897318,0.883820468011338,0.9922857761449034,0.9146533134759379,0.9960854739205408,0.8753891080181936,0.9954784363671749,0.8932285050070562,0.9951364684490621,0.8921530496236122,0.9959726551698405,0.8967720099272172
28,0.9920216684007189,0.9071163742373991,0.9950236774998155,0.8755145076871202,0.9954781980214402,0.8783237208902654,0.9950600895315799,0.877427000990047,0.9958165582008786,0.880787031188991,0.9923999675037746,0.9109903741209225,0.9955526813989108,0.8809676708465064,0.9952886166990752,0.898735605059099,0.9955540773380689,0.8996454880500111,0.9953253162782513,0.8968242445140673
29,0.9906874217019892,0.9080209071115553,0.9952135472631777,0.8725751664420767,0.9948303938034776,0.8772150779063349,0.9944533967237466,0.882006648986076,0.9953661220027106,0.8736610203258957,0.9922478601035928,0.9118752340263792,0.99517338539457,0.8922354555441906,0.9952891092831232,0.8978174436495432,0.9954013708992988,0.9033972640043832,0.9950220008352963,0.9080995470790201
30,0.9905006481306671,0.9034289879713079,0.9957826279254017,0.8828202413572777,0.9946815731482452,0.8839163321292792,0.9954779887062948,0.8800856211007732,0.995363052455826,0.8827026546622885,0.9918294919736789,0.9119215282831351,0.9945268983389377,0.8810527165887714,0.9958207305295402,0.8892483129785996,0.9950608558582914,0.8995544770736739,0.9951369378250815,0.900554749297139
31,0.9912571279921736,0.9014195889313544,0.9943771410505488,0.8782224274563408,0.9957809935346046,0.8783302514336978,0.9943761517447388,0.8838148434533395,0.9955544320854032,0.8820101447364986,0.9907657501806505,0.9119690800664182,0.9952888708144298,0.8884525914056367,0.995972576201838,0.8893516493944046,0.9954780976532144,0.9033961768158929,0.9955926575812221,0.9025539906481373
32,0.989780839114568,0.9016660461417146,0.9950982484231997,0.8781851581306451,0.9952856168747619,0.8837384027668334,0.99540315598323,0.8801465855120143,0.9955524787138588,0.8818991201153881,0.9914882239351454,0.9109661431172883,0.9957055422003851,0.8875524006589738,0.9953633118150719,0.8920310752317252,0.9955529718936305,0.9014908813695875,0.9956299064186399,0.9042200267407038
33,0.9910329171104761,0.9070009868233688,0.9934625787675319,0.8754788614680037,0.9958958239639449,0.8866390923910219,0.9955154349848737,0.8856524487029565,0.9957456886483967,0.8829161054752188,0.9916397526086217,0.9174883558853183,0.995630774376821,0.8921401024403601,0.9952126429256317,0.8930013008900941,0.994679373959232,0.9033390641834609,0.9955165383926439,0.905158698770185
34,0.9901581064318781,0.9061564310366176,0.9955163953838355,0.8783151158345066,0.9948681317369129,0.8847660361643035,0.9947958992017674,0.8762043528872455,0.9947170487388105,0.8882542761918977,0.9918664228468934,0.9137131343826652,0.9948326172547519,0.8838116134183147,0.9955146452930669,0.8930896471407668,0.9950589536362417,0.9024600198394661,0.995440203977509,0.9062338134775552
35,0.9895116939114701,0.9098211182668442,0.9942246441906779,0.8837519857328283,0.994605662957099,0.8877481759156803,0.9947939546614702,0.8950615522217383,0.9961612246458871,0.8893888482467175,0.9911829408090246,0.9146578715108726,0.9942251881709204,0.8865598166408142,0.995247154262344,0.8921280265381567,0.9951732986014467,0.9015343405626418,0.9956306155095422,0.9014670951452327
36,0.9903094266865922,0.9052964445440059,0.9946817091949903,0.8885600204116706,0.9954393305834794,0.890404280973352,0.9944512350024385,0.8818695389949978,0.9950225949825978,0.8800078979837617,0.9908018223930599,0.9147088485711955,0.9950591274656079,0.8856343077020267,0.9950976053237186,0.9024239081756436,0.9952126147545198,0.9024883434333293,0.9957066030877337,0.9014042580901481
37,0.9889817936193279,0.915634357509983,0.9939202053050389,0.8837982799895842,0.994259843498877,0.8894634411933583,0.9958188171351344,0.8828207068019835,0.9962761296720315,0.8940137737843948,0.9904993874497905,0.9147119787415662,0.9955907779714773,0.8875333428075907,0.9953253041611475,0.9014628777863717,0.9949076499245723,0.9024629796718,0.9958194505882155,0.9024106203163178
38,0.9897029522303242,0.9156165116157224,0.9948313739394916,0.8921891612874348,0.9949472660125512,0.8894082716781526,0.993914713448465,0.8884201752215448,0.9947934372166399,0.8883750386266621,0.9907639802535617,0.911869464034322,0.9953636376896662,0.8893141305314446,0.995136575482272,0.8995668480825463,0.9944114498600581,0.9043333960768318,0.9946790131945821,0.9125872921522364
39,0.988636998809885,0.9164612128365324,0.9945288506221417,0.8884750745340596,0.9947949109842978,0.8818904445862462,0.9952886045101749,0.8783285740318694,0.9957805536988452,0.8948976712699934,0.9897391433669818,0.9165389359535439,0.9950973980452416,0.8902918740570821,0.9950983139390582,0.8967768630688211,0.9945646118530453,0.9051901276304405,0.9947911749692568,0.9071233561865789
40,0.9882585762194253,0.9166131882241109,0.9929709789450898,0.8913399476010947,0.993805151358675,0.8931821108856464,0.9953620255756238,0.8912220657994365,0.9941882038989512,0.8911798641329095,0.989930343115769,0.9175404201341315,0.9946786898322187,0.888430233045846,0.9942994334287218,0.9005644100109419,0.9941103163102816,0.904202056077811,0.9944891229444336,0.9070920976643602
41,0.9873418844020089,0.9118331820324626,0.9950955896473772,0.894032831635778,0.9942637724089775,0.8808797195671568,0.9935004268940765,0.8838012604873445,0.9964272489606483,0.8837610562332932,0.9893212424364064,0.9109525601512933,0.9947561661401556,0.8940733559004767,0.993920263523284,0.899646123832754,0.9953252732140508,0.9043234087259135,0.9946781323109819,0.9061592661003192
42,0.9892093527781297,0.91377254616071,0.9939602326745333,0.891360628559057,0.993577801432546,0.8959693856043021,0.9949098908605825,0.8901636393244537,0.9936543379306315,0.8911276295460594,0.9893230437456687,0.9138275909072836,0.995325116208537,0.8902544799627542,0.9946802340581842,0.8967843809360897,0.9950987481989566,0.9033886589486243,0.9948314027063272,0.9033764582777888
43,0.9847974776321182,0.9212082375347289,0.9948683279489384,0.8912367359539217,0.9954009447964912,0.895046391718569,0.9946395109542437,0.8959027825961039,0.9958568670286726,0.8828119314081878,0.9887535076180778,0.9166444923157343,0.995097520759221,0.8865013217132227,0.9943745309496783,0.8967798229011549,0.9949078298771585,0.9061458079029564,0.9948317196333522,0.9127183370445883
44,0.9884093534771154,0.9129472434673569,0.9936182424419773,0.894985256969291,0.994907695796068,0.8922055793171313,0.9947181429938388,0.8865765048732016,0.9943741644854264,0.8940402247344145,0.9887128322030732,0.9184747044667148,0.9947181795338503,0.8902711930991198,0.995286797183597,0.8996431184310154,0.9953244351828421,0.8977861602233463,0.9942603050874639,0.9146889596950545
45,0.9862010045600758,0.9221754577913592,0.9937279562488643,0.8978244711681277,0.9934635070666793,0.8884195850082067,0.9948318461946027,0.8913413754656587,0.9954410993504315,0.8838432918158348,0.9886741739743535,0.9203050869557321,0.9953254935681763,0.8903217502841414,0.9946410124856669,0.9024855083696276,0.9947552470836418,0.8968411279884698,0.9936153730508599,0.9126947211582703
46,0.9856380291415409,0.9129145777460007,0.994642175586735,0.8950151331963503,0.9955551478781952,0.8969169577962113,0.9949447207913298,0.8904070911330755,0.9952487944927559,0.8911978347958023,0.9888278493899965,0.9231490295275405,0.9947928094489045,0.8949417977762367,0.995097331352192,0.8996729946580748,0.9943370656942567,0.9107256511410003,0.9941842310310649,0.9118991699233444
47,0.9868109596018828,0.9240102279772745,0.9928162571278403,0.8913007513363062,0.994679460485804,0.8912158054586952,0.9943764798337024,0.8940062559171262,0.9949462877013965,0.8987249570214597,0.9876506821439881,0.9213229891660163,0.9942611665044021,0.896794663393677,0.9950215184279534,0.9015207575966468,0.993692733695731,0.9099584234999375,0.993994852622615,0.9090106560660133
48,0.985408786800409,0.9203691815373439,0.9943755811231795,0.8987844143689092,0.994603265998011,0.8988296214371749,0.9944516413379247,0.8940587856106453,0.9941873464494451,0.8885828442161673,0.9884478224047107,0.9185134808562021,0.9940706103306587,0.9052634630505542,0.9942986966081623,0.9024371960349695,0.994565297718865,0.9043216608507023,0.9944887043311967,0.9146173721501523
49,0.9858593286089377,0.9202842356597329,0.9928930458716368,0.8931777231887484,0.9938047436000809,0.8913008761049382,0.9934641343644472,0.8912791535278904,0.9950577995374855,0.8977458312006628,0.9888258921984516,0.9185314515190949,0.9944134037242194,0.8968723865106885,0.994184187969662,0.9006042735889195,0.9948324788913133,0.909009103432817,0.9950980699115581,0.9072148575116004
50,0.9833214826952759,0.924997042003377,0.9937287985038399,0.8931702053214798,0.994755783995134,0.8959573552715034,0.9949836777095482,0.8940541028070784,0.9930855145568769,0.9004806217952042,0.9887527711124341,0.9184406108807944,0.9936905966027619,0.8977933829839458,0.994565689776838,0.9052424869859228,0.9944515838042537,0.9051963630672037,0.9949837410138351,0.905276580571843
51,0.9855210144720593,0.9203064692508914,0.9938451467133665,0.8923475673537915,0.993730329507307,0.8930591807003693,0.9941460414390481,0.8987013867045465,0.9959335640674247,0.8932513537155311,0.9882963217587534,0.9213140890035884,0.9938048544428736,0.8949842945494328,0.9943358312377154,0.9024254608088399,0.9943751754183077,0.9052373527766083,0.9944124109435941,0.9127244726166975
52,0.9849144746804313,0.9212796547415942,0.9925144910345809,0.9016031179478206,0.9943003913597774,0.8941524613126475,0.9944901126889006,0.897723643178909,0.9949469874060725,0.8884320807857113,0.9879926431682539,0.9156220320705153,0.9939946451351265,0.8977681895604536,0.9945646046442824,0.8996009416684666,0.9942614396307078,0.9080268474416494,0.993919094390644,0.9155997984793568
53,0.9847259501077009,0.9174880607786493,0.9940703867209459,0.889472216587154,0.9949825975400758,0.8978335416685925,0.9950962920363899,0.8913149245156392,0.9955156947308317,0.8959754962724331,0.9881431529266614,0.9221966041940275,0.9946023911118747,0.8987188919227334,0.9933885148976661,0.9099812017350294,0.994070362246876,0.9079087953019543,0.9935403619561661,0.9193422088265949
54,0.9855209304918265,0.915596668308986,0.9942230773353535,0.8969798155167223,0.9941463688775456,0.8857359418120251,0.9930467514581542,0.8931792758219448,0.99414641860673,0.8977949356171422,0.9884472947215958,0.9212484417887803,0.9944123257115763,0.9025512011538405,0.9942606526260354,0.9062277483788289,0.994184555731266,0.9061065660687632,0.9934620895694487,0.9165088893884477
55,0.9842294139822524,0.9222412753442042,0.9925150075112316,0.8968616386083952,0.9939182987703721,0.8949808692723931,0.992590567018946,0.8921073455801944,0.9949456674573398,0.9024884682019614,0.9879156671286907,0.9212425014586861,0.9942614547157537,0.9044023893694523,0.9947937844402954,0.9043066500201432,0.9944128757261885,0.9108897024307822,0.9944139426827975,0.91187836419675
56,0.9840010638711977,0.9155350681150021,0.9933842922440963,0.8951314623648122,0.9938835608427897,0.8933956864672088,0.9941479005826408,0.882874323683993,0.9934224802032111,0.8948853458305257,0.9883318824130697,0.9184268575767626,0.9942226956630971,0.8987282575298673,0.9938421885634713,0.904324620683036,0.9937676689985931,0.9109348845950697,0.9947167264619902,0.9062998013684371
57,0.9845294765361915,0.9212723072123625,0.991641732696077,0.8968794389332512,0.9916729295546024,0.8969003900939043,0.9937309069878226,0.8930327297503498,0.9948309631136873,0.8930701238446777,0.9866627298619973,0.9230964542646166,0.9938434054293721,0.9006762267138738,0.9941860737375176,0.9109126510039111,0.9932737658597088,0.909999217967327,0.9950599519415659,0.909079138344523
58,0.9847629650082708,0.918409011682502,0.9940342418870219,0.8951717913874957,0.994603978963656,0.8940452026446505,0.9922453031710489,0.8959497126356026,0.9948310319597271,0.9014120710640858,0.986966203098147,0.9230966246026535,0.994261491519519,0.8987606032405763,0.9939180187843275,0.9090553976895729,0.9941099988216411,0.9061952074261048,0.9939575229582273,0.9137860043580728
59,0.9834303223311287,0.9250150126662697,0.9931983809377309,0.8998251403836901,0.9934618016182707,0.8950554622190339,0.9952115163986834,0.8959185788820161,0.9948311862883232,0.8978324544801023,0.9871932482897314,0.9202350520440261,0.993882403057409,0.900601633767233,0.9942617142527004,0.9043168077090984,0.9933129100423832,0.9090177084885759,0.9940325062685215,0.9127485083783167
60,0.9833962320488705,0.9147966838077575,0.9928180521898826,0.9006323020761136,0.994452119750364,0.8969202334006406,0.99342556508568,0.8997269771201362,0.9950594104707567,0.8968533286593053,0.9871187926796063,0.9211516608203857,0.9936906335124318,0.9063040187272982,0.9940315463621764,0.9072218850301847,0.9947171392526664,0.9052428276619966,0.9945254323793465,0.9127349254123217
61,0.9834280102522368,0.922193598792289,0.9919816482399875,0.8970187622442466,0.993082942994998,0.9015324928227765,0.993123581538021,0.8913130767757739,0.9944500780245905,0.8996238902415954,0.9865095566900174,0.9164999892260197,0.9942235487309872,0.898741420620561,0.9945639535078715,0.9023596432559949,0.9936920631438203,0.9081283361175891,0.9933098823107119,0.9211394145801454
62,0.983998942356674,0.9156324392967348,0.9926656617400264,0.8978810478824709,0.9947553932004048,0.896851580784094,0.9929717495645669,0.9005492744117507,0.9943380079040568,0.9053292806033991,0.98597874544729,0.9193780253837484,0.9930821010001961,0.90251070179312,0.9942212922514224,0.9072372158713911,0.9936525588299079,0.9062580900505942,0.994792418267463,0.9117917409173105
63,0.9827881489836446,0.919422571765293,0.9914478827088925,0.8970500207664652,0.9927796925439744,0.9006012138919317,0.9941471766732439,0.8921235140726267,0.994109448458005,0.9006840396878114,0.9860157134391858,0.923117600667285,0.992663782158012,0.8997057059488357,0.9940704009266628,0.9072713094573114,0.9931604849246979,0.9100094005602604,0.9941857407941729,0.9183704056310515
64,0.9824048800432013,0.9193853024395972,0.9930836631796228,0.9024970732577203,0.9938435643656497,0.8961189121736575,0.9939551914574578,0.8997091312258755,0.9935401325381492,0.8969324340714762,0.9865850045909487,0.9202470823768248,0.9931583901772472,0.9015476284219677,0.9939172389166215,0.9099851239872213,0.9940713030185291,0.9147027834724692,0.9934257135160803,0.9156401275020403
65,0.9830889369085596,0.92315492428823,0.9906105999252806,0.8932479284384913,0.9925545952814495,0.9043588846069932,0.9927023927629557,0.8978293243097315,0.9936901478194332,0.9004432277008763,0.9858250352161854,0.9231132129703871,0.9930062930049326,0.897841229873898,0.9936909276871392,0.9072726917524707,0.9935780003932856,0.909937617773343,0.994070434762486,0.9155432217650136
66,0.984076244954623,0.920393092530331,0.9929700466113354,0.8932358525362879,0.9938048815938612,0.9025599309782315,0.992591392933051,0.8970667794722357,0.9937310053438534,0.8940841038027699,0.9853685482369502,0.9202392694028871,0.9931204829946555,0.9071432450627199,0.9931580766494023,0.906345630180487,0.9935034293810509,0.9146458660820522,0.9936918745244724,0.9156564207631047
67,0.9828612609642434,0.9221845282918242,0.9903077090446619,0.9063414128216261,0.9941466712498297,0.9024942381940186,0.9920938580938906,0.8997640056344122,0.9939205348150955,0.8987939047446754,0.9861283669015255,0.9202752107286728,0.9930824117897444,0.9007450496684573,0.9944509570189541,0.9100254530099049,0.9933896266913901,0.9127587365406546,0.9942257648780116,0.9128978895136133
68,0.9827465873558785,0.9202691999251957,0.9918320588390258,0.8979443959516662,0.9923228289067281,0.9080745239935647,0.9936879805186841,0.9005774027635988,0.992208796452824,0.9024584672062699,0.9868510072964751,0.924017621075911,0.9926269737556573,0.9034526038576258,0.9936526175578239,0.9147159009937582,0.9934638746363258,0.9193081152406746,0.993919652716616,0.9194901371933493
69,0.9814572215655382,0.9212424309853032,0.9925502504207735,0.8997848113610066,0.9944505804156853,0.909177962294798,0.9921708745520471,0.9006940726081344,0.994260225065229,0.8986804106399151,0.9863944581730899,0.9212438837538455,0.9930823461679814,0.9109466198211992,0.9933093386660196,0.9109511322867293,0.9931949455156817,0.912670660492673,0.9933497337423753,0.9193870958842133
70,0.9820609674167253,0.9185109408991695,0.9921338850937267,0.8949974120707218,0.9927024570364633,0.9118022186169129,0.9919069964320933,0.9035231291180159,0.9931591401179807,0.9033539751493659,0.9859762571393419,0.924022133541441,0.9917148108031643,0.907188903536733,0.992666287382243,0.9090805911130653,0.9936518497390056,0.9117512871259947,0.9935799962305092,0.9156473502626399
71,0.981571609471985,0.9165549884031885,0.9915261757224088,0.8978457423394282,0.9931608916298423,0.898014476432777,0.9928557954873699,0.8950362340296139,0.993654075097353,0.9014766310904035,0.9859372415991121,0.9193300081557594,0.9922086408477689,0.9071939270163737,0.9931575070622236,0.910007482347012,0.9939950328560091,0.9071162038993622,0.9934648708189288,0.9183597824973904
72,0.9811118120433739,0.9203499284439458,0.9912618087633538,0.8969406984511613,0.9925891356828592,0.9024154734579216,0.9931598218111958,0.8922403086857945,0.9935400734263184,0.9053100524139791,0.9853315255214762,0.9221051277729843,0.9918678328886614,0.9072591087864759,0.993306423423258,0.9052903338758749,0.9935393645301711,0.9119723350054211,0.9925909213823657,0.9164785477166824
73,0.9835829125979447,0.9165401479106663,0.9918298304778455,0.9035154864821152,0.9928940306010758,0.9025153845966869,0.9932734340566493,0.9044155068907412,0.9931207563648632,0.897788995287048,0.9854457329855175,0.9183522646301219,0.9916778984312298,0.8997280643086265,0.9930797240143845,0.90531426977284,0.9929316601048823,0.9164463723440103,0.9927055227765625,0.9147160713317951
74,0.979364216675398,0.91943176703439,0.9919823963149162,0.904549806722096,0.9909519674743864,0.9033584876148959,0.9922490256962576,0.8949630233781324,0.9939956912900334,0.904315720520608,0.9855594317432866,0.9230576778751294,0.9918677559025849,0.9101554107137665,0.9938421485560635,0.9063035532825922,0.9927426286194285,0.9146742895405693,0.9930093180153614,0.9164731184006989
75,0.9801992158994712,0.9175642855577137,0.991599933701432,0.908314700197757,0.9929704808022349,0.9024107450849499,0.9924012620573801,0.8987354802904668,0.9936147741181762,0.8987774867149788,0.9856729970184864,0.9241222150182432,0.992285372722617,0.9100686170962901,0.9925490180385889,0.9072636212520059,0.993274271283123,0.913711581749469,0.9935405037017306,0.9146774652803447
76,0.981419769885219,0.9129516311642548,0.9926674868797299,0.8978368421770001,0.9948699527246462,0.8968800291465893,0.992361815362409,0.9024853380315907,0.9919823131811466,0.9044409954209026,0.9853684571510612,0.918371617588174,0.9921703422406164,0.9044680365842603,0.9936521906645377,0.9091940852178255,0.993007807060806,0.9118020938482807,0.9925509647044047,0.9212393712883153
77,0.9803515224039854,0.9175971671865116,0.9915618812445006,0.906199719891635,0.9922107951001405,0.9072162398067597,0.9927795346278211,0.9034094646752188,0.9919046717426983,0.8989158791365623,0.9844216847563638,0.9164924713587511,0.9911050559209631,0.9109508371800602,0.9930059819552106,0.9101255344867071,0.9931973240075979,0.9127203800264686,0.9927021851318744,0.9203690567687118
78,0.981075507852352,0.9167315354704749,0.9912609052817051,0.907307250783097,0.993539364633278,0.8995982769428018,0.992664834697095,0.902571836542398,0.9942999258208126,0.9005272111586291,0.9844202256188234,0.9192941666946277,0.9912962670162273,0.9081206934816883,0.9928922783677344,0.9073114681419581,0.9923972361603972,0.9194080263794399,0.9923214116220891,0.9175297970004704
79,0.9819486164468307,0.914808589371924,0.9908766529111895,0.9063337246163206,0.9920564211495934,0.9007703678605817,0.9919455488765905,0.9044053492017861,0.9922860964599082,0.9053787050305256,0.9829765199123529,0.922090387145116,0.9917916796893566,0.908080194120968,0.9923969471208788,0.9110601139259594,0.992665059870711,0.9184213826913744,0.9937685568137288,0.9175388675009353
80,0.9800455975788422,0.9176018499900785,0.9923607069016638,0.9025376973870729,0.9927791365838431,0.9017226228560579,0.992588264691576,0.9082196422005956,0.9940319690591675,0.9025066092028912,0.9845345013815454,0.9240057155117445,0.9911067310207964,0.9118857572953863,0.9934227945393712,0.9109600324491572,0.9918303240962741,0.9184046695550088,0.9932737381990504,0.9167689295648028
81,0.9815686836894967,0.919423161978631,0.9895084014358668,0.8951284569630736,0.992020431383582,0.9081790180712429,0.9925522052673708,0.8998000174335807,0.9927384812689124,0.9035023233914216,0.9835875188292791,0.9156221568391475,0.9918305837533817,0.9081387889132133,0.9933493216021652,0.9128213783537242,0.9911826866389274,0.9174043973315437,0.9931217985248664,0.9212740550875739
82,0.9796689985402915,0.9166239361264041,0.9912968219768686,0.9006027665251279,0.9919782012275593,0.9026035605093227,0.9910704431617926,0.9082284175943913,0.9929690843327719,0.9062000149983039,0.9826734466898756,0.9212155601599824,0.9915634325590681,0.9126945963896381,0.9919802162022725,0.910016552847477,0.9926282797076844,0.9184376759524389,0.9925523008509969,0.9221561048333071
83,0.9805020796970598,0.9184496358118546,0.9913750026244336,0.9036319404192092,0.9923636158867878,0.9108886152422919,0.9925503179903544,0.9053738269849436,0.9927001765270809,0.9071910463832673,0.9837357000339665,0.9212796547415942,0.9911073529866055,0.9062773182400142,0.9916775516867171,0.9081716249726065,0.9929346897332093,0.9174285035665457,0.9928193341131333,0.9204425625268623
84,0.9805407568723531,0.9213667434657397,0.9903466772251281,0.905384304684546,0.9912934624734483,0.9082288374696925,0.9893499153738832,0.8961845842924436,0.9924368360892463,0.9035831766788037,0.9841908493811393,0.9221098105765512,0.9909538365441457,0.9100988339994233,0.9913719788158696,0.9119124577826703,0.9931616500624343,0.9174242862076847,0.9925518076164828,0.9194050665471061
85,0.978719283971274,0.916576089236452,0.9888974744388271,0.9054097932147075,0.9936146734001438,0.906177066425175,0.993766504230515,0.9071251040617901,0.9909904828312542,0.9016239692438198,0.9837354547432225,0.9202884985879987,0.9912596325832514,0.911958922377463,0.991143874803874,0.911019784903276,0.9920598580411002,0.9184421884179689,0.9923211836791249,0.9240443671325996
86,0.9792102937943451,0.9166108186051152,0.9914127718437727,0.9063670716898243,0.9916003307026364,0.9118754292683943,0.9917124897731228,0.9128515952568573,0.9931207379722852,0.9064191359386375,0.9835820046788963,0.9137919446881669,0.9917161029333892,0.9100212812204487,0.9907602553220264,0.9110796621260268,0.9927422480355125,0.9193784908284544,0.9923227004391868,0.9204173691033699
87,0.9770846084852313,0.9203663464736423,0.9894671834304022,0.9015851472849278,0.9919433528125859,0.9118198941731367,0.9920183151406796,0.9081774405340685,0.993386441108984,0.9043693374026175,0.9840764631075944,0.9202619228693469,0.9909171012531248,0.9119171405862372,0.9925510630568553,0.9129652846036327,0.9917556302435212,0.9203861105811512,0.9928544385599687,0.9193825378492785
88,0.9791730000923408,0.91663722398573,0.9913355182178551,0.9043632723038911,0.9918275661568884,0.9043885904960157,0.9928558461811536,0.9035007707582252,0.9923248291905268,0.9007448793304204,0.9828993542539519,0.9137573856575407,0.9915260756718964,0.9129083423092375,0.9911078580780498,0.9147279313265568,0.9924017825999483,0.9175507730651017,0.9927410263842293,0.923126330491676
89,0.9774655405407429,0.9156283922759106,0.9896602311636412,0.9054937517684822,0.9917923289433683,0.903494340079447,0.9911075002739228,0.9054054510872143,0.9925507179936092,0.9063249947919294,0.9815700311418211,0.9174611443839238,0.991221322070804,0.9147607880513765,0.9925504778777574,0.9157191330495571,0.9919440965611007,0.9212010603435341,0.9926260403157258,0.9202827285959414
90,0.979401706192298,0.9156924868575225,0.990768352651155,0.902618721012492,0.9904582975251549,0.9092181914528276,0.9919068806903938,0.903518446314449,0.9918296634165702,0.9006967373337992,0.9829374702590723,0.9230487777127014,0.9918298980105207,0.909225514078081,0.9925504631794239,0.9128855185047409,0.9923624299786599,0.918457028910491,0.9926245499879692,0.9184988107017168
91,0.9771261054395621,0.9146845719981566,0.9898161994929562,0.9083340531558092,0.9917921297395093,0.9073891912589696,0.9912979991976006,0.9118694184649172,0.9920557380022185,0.9081253307158507,0.9827840275784123,0.9155144327264445,0.9919051262966428,0.9119797281040575,0.9917925195141142,0.9082626359489439,0.9916038060063375,0.9174657024188585,0.9922879430034154,0.9202827285959414
92,0.9799717450391148,0.9092226790143795,0.9912971259066781,0.9027497659048438,0.990839260846518,0.908202758726193,0.9920593232039646,0.9034063345048481,0.9921348594005436,0.9062410362381548,0.9820253695783093,0.9193019796685653,0.9911437649124654,0.909094049310428,0.9909169209336779,0.9147683059186451,0.9908429878592472,0.913675785857742,0.992856888602113,0.9214040127914354
93,0.9776528246566705,0.9194545908388867,0.9887163982693448,0.9073385093053158,0.991375641440784,0.9073074211211339,0.9920901325704705,0.9046447539895838,0.9935386648425493,0.9035524694269864,0.9834312091467743,0.9146831897029972,0.9910689687464663,0.9101241521915477,0.9912920338272935,0.9129202023039993,0.9908014176357334,0.9203485461487864,0.9929309456130223,0.9222352558148826
94,0.9785300390897181,0.9147069303579474,0.9911058225483341,0.9129680491939514,0.9921696926312029,0.9081775653027007,0.9913742926165139,0.9062787005351736,0.9929727110859774,0.9072013993142376,0.982630507402005,0.9211888141032938,0.9899682524202993,0.9137786568288411,0.991864638255579,0.9129410080305937,0.991678773950778,0.9148119354497363,0.991827215691902,0.9231532468864015
95,0.9770463309229002,0.9175615209673951,0.9881428797825192,0.9129693067204786,0.9918280390446288,0.916553676581412,0.9913337490415416,0.9093632847558802,0.9930050760160731,0.9128129436360022,0.982327624709005,0.9213112539398867,0.9905369874029194,0.9082328052912892,0.9915200159603138,0.9138516971422856,0.9925521032491889,0.9127902901695425,0.9924364565727777,0.9250014297002749
96,0.9781480805332974,0.9129042497190086,0.99148731537305,0.9024734324674242,0.9905730124673742,0.9079893079132627,0.9908040435609662,0.915682079631303,0.9915998925471023,0.9175585860390394,0.9825941526223212,0.9174835027437145,0.9908405857621727,0.9101421228544406,0.9924333811144822,0.9110171201776112,0.9912209377284672,0.9203380933531622,0.9923993977587467,0.9241312855187082
97,0.97761530578105,0.9128098134656315,0.9899265978278252,0.9120124936900678,0.9915668147751026,0.9081802755977701,0.9900798416604876,0.9101719990814999,0.9916391774796902,0.9139504755231559,0.9824813201557231,0.9175269619367687,0.9910693674345326,0.9073637027288081,0.9916362462376631,0.9110731066786163,0.9916403053238421,0.924079050931858,0.9922865686913287,0.9241223853562802
98,0.9763582417970171,0.9137918991187622,0.9911461770141393,0.9005596024387428,0.9899998373454741,0.9035367120840109,0.9922500427666154,0.9081761830075413,0.9904204131297715,0.9091329504685475,0.9826686733445386,0.9193675021147413,0.9916789177528625,0.9118633989355956,0.991369715920818,0.9119246584535058,0.9919059087078904,0.9202785112370804,0.9926276216092103,0.9205115102500779
99,0.9778818972624069,0.9176093678573471,0.9903064613004624,0.9100732998998571,0.9912239824795285,0.9091854801620666,0.9903846533739206,0.9129593193695603,0.9905727265319716,0.9072101747080333,0.983165168795059,0.9175702963611908,0.9917146798602976,0.9146425655736447,0.9925090502017456,0.9082429174108397,0.9911064273170523,0.9212312316772625,0.9924751664784998,0.9213173895119959
100,0.9769307093916593,0.9175585155656565,0.9899668043833186,0.9111472026501048,0.9904589982670091,0.9157835683072427,0.9908395919609635,0.9100856709087295,0.9917520533424586,0.9090164509620487,0.9819858765390773,0.9156219865011106,0.9914505490318256,0.9109583550473288,0.991791405262119,0.9157549496067106,0.9925145934025693,0.9174958737525869,0.9922061855955832,0.9194137963714971
