round,control_fedavg_src,control_fedavg_cohort,anchor_h2_src,anchor_h2_cohort,ntd_b0p01_t0p5_src,ntd_b0p01_t0p5_cohort,anchor_h2_ntd_b0p01_t0p5_src,anchor_h2_ntd_b0p01_t0p5_cohort
0,0.9985506551168347,0.8225200326521813,0.9985506551168347,0.8225200326521813,0.9985506551168347,0.8225200326521813,0.9985506551168347,0.8225200326521813
1,0.9987462890578195,0.8081145017238961,0.9987462890578195,0.8081145017238961,0.9987462890578195,0.8081145017238961,0.9987462890578195,0.8081145017238961
2,0.9971509571026856,0.8444294556855294,0.9972646427232266,0.8387267051454124,0.996961102020603,0.8416468182010359,0.997113020715384,0.8369383995542898
3,0.9960109187838306,0.8529249558296904,0.9959342924330317,0.84628340849146,0.9966195025657222,0.8482879999592143,0.9968462748741205,0.8397909016124524
4,0.9953246256099952,0.8538804408601912,0.9955894039223618,0.8612473092796266,0.9960098400525054,0.8473233739548659,0.9959347487436194,0.8529099200951532
5,0.996048983954372,0.855801663987509,0.9960102043978751,0.8528709733676291,0.996428939358119,0.854798136825041,0.9962011624121652,0.8501615009652123
6,0.9949465356991264,0.8678709858196181,0.9958588830369839,0.8668599656938597,0.9960486229807106,0.8567328181497216,0.9963142416104518,0.8613564861608718
7,0.9948685589110069,0.8753693894800894,0.9952509278339408,0.8734076669920511,0.9956671633413521,0.8696818450125464,0.9958580806117153,0.8725570461065735
8,0.9950974705921621,0.8725315120070073,0.9958579079567424,0.8780711736772007,0.9960482686371427,0.8688159181898407,0.995858095292995,0.8688787759103519
9,0.9954778294523037,0.8716895666506715,0.9952130773425967,0.8716209140341249,0.9952129841831338,0.8725123293869921,0.9956680467371832,0.8716269791328513
10,0.9942239659373876,0.8801511435469491,0.9942242699048853,0.8744979877719955,0.9961231294424688,0.8734748668400555,0.9956673513621787,0.8865281925385435
11,0.9948703295056158,0.8810350410325476,0.9932749964962496,0.883760761126624,0.9955530093101735,0.8752769962085927,0.9957058579153285,0.8809928393660206
12,0.9927428555147969,0.887638899169781,0.9935389751593325,0.8855951657324874,0.9952130918838638,0.8800990337287312,0.9948327231107709,0.889311125129706
13,0.9935034821293395,0.8903423607687208,0.9917940659516512,0.8895022175828455,0.9947936029436577,0.8875569131245038,0.9947948162288386,0.8903111022465021
14,0.9927436351706939,0.8884932155349894,0.9935025202033803,0.8913670343338571,0.9951736164938535,0.8875362777359463,0.9944910159381061,0.8921459972010496
15,0.9927435199803932,0.8949524209098979,0.9933116114597659,0.8959556073962921,0.9941093049046351,0.8923058311319704,0.9954023469278681,0.8893378711863946
16,0.9924394021669121,0.8840731606584615,0.9934629569319061,0.89771859479529,0.9947941892487842,0.8923359568962941,0.9945279323219984,0.89769485414034
17,0.9922879366370758,0.8997460349715193,0.9933122254945496,0.8940645556027027,0.9939207727733352,0.9025779016411243,0.9952499746096337,0.8866967562938554
18,0.9909570726811056,0.896893021899246,0.9918678981066581,0.8987993796300636,0.9940340818425523,0.8978369669456323,0.9942233507254129,0.9033184287949033
19,0.9922879089074186,0.8885914492719262,0.9927812763980545,0.9081653646318651,0.9941866306594506,0.8979637944791231,0.9941104704092321,0.9016672580988371
20,0.9916037187440292,0.8949153468262172,0.9930842630229461,0.9034868222121784,0.9936532966876458,0.8950985807360143,0.994603617514432,0.9015393184728778
21,0.990688236966624,0.894862987470735,0.9928187125887789,0.8977902528135752,0.993958759485545,0.9035153161440783,0.9933115806733162,0.8996250229994904
22,0.9919819218869632,0.8988053448641359,0.9919429650575953,0.8998731120422745,0.9940708181707514,0.906203766912459,0.9941096073423378,0.9035024937294585
23,0.9897358057080371,0.8996328359734281,0.9916402230900356,0.9062757656068179,0.9932363282998362,0.9100329708771735,0.9941098619332552,0.9109426975690073
24,0.9905783369533521,0.898897161961253,0.9908833560170587,0.8967991758592071,0.9935008490294519,0.9146440726374362,0.9938807258142205,0.9072388932732195
25,0.9900817828978742,0.907143074724683,0.9899677094772351,0.9089687744101335,0.9942994342021464,0.9025409978954805,0.9937683840009066,0.9071296165273203
26,0.9892819962421866,0.8996164179437316,0.9916406969268865,0.901680841064832,0.9929680139362382,0.9145798077177875,0.9933878309483538,0.9081730072677658
27,0.9893620261203929,0.904315425413939,0.9911443650429743,0.9072594038931449,0.9942615844671729,0.9100334363218795,0.9939201208123376,0.9108708692126852
28,0.988485150515412,0.9062282138235348,0.9909557439759783,0.9089689447481704,0.992550049947293,0.9072029519474338,0.9935400938441059,0.9117695528955566
29,0.9888657318790892,0.90145101779161,0.9907281366384214,0.9100553292369642,0.9938038202337475,0.9136711822534025,0.9932725688744529,0.9091987680213924
30,0.9889408353672404,0.9053589864924215,0.9884106548186634,0.9128002775204608,0.9921723586015319,0.9127993606700073,0.9923642190773464,0.9061952074261048
31,0.9881039364646591,0.9089340450414702,0.9906865502180893,0.9053594519371275,0.9931586360466607,0.9080779492706045,0.9928940875362255,0.9090525626258713
32,0.9876514392291074,0.9053890330575177,0.9894336594865727,0.9062128829823286,0.9922858206123601,0.9127305377154238,0.9924774084167975,0.911770935190716
33,0.9870393518002972,0.9042855491868796,0.9884850405860565,0.9129288073597581,0.9924343044665591,0.9108663567471551,0.9928170461557072,0.9109348390256649
34,0.9880278752476264,0.9080340702022489,0.9890531958047929,0.9109314137486251,0.9925901421480717,0.9175746384886839,0.99296906893281,0.9136311939067927
35,0.9834714976115232,0.9128245085240949,0.9890939063359185,0.9081672828451134,0.9916776913304535,0.9166001954714541,0.992134300852345,0.9193227853951598
36,0.9879904241118687,0.9053548147029653,0.9866924253263145,0.9090283565262152,0.9912950090744298,0.9166580297123245,0.9930440480363916,0.907195309311533
37,0.9839212605393357,0.9128257660506222,0.9893202535239451,0.9035918815992166,0.9922094341164567,0.9117529645278232,0.9926675535386713,0.915614468633842
38,0.9878381374266206,0.9091179852073932,0.9868056344509237,0.9128215486917611,0.9917524364528623,0.9184660538415511,0.9919820537707387,0.9128709482149095
39,0.9856343218523899,0.9118435100594545,0.9865845695131001,0.9090431970187374,0.9913729703360488,0.9175344798040374,0.992628721408789,0.9175660334329251
40,0.9872293632893724,0.9109424024623383,0.9880284230677209,0.917508820935839,0.9910292477166882,0.9166358416905707,0.9921711299334431,0.9138009696192271
41,0.9847196059800932,0.9136946982750664,0.9886755868091602,0.907222009798817,0.9912977489437735,0.9156611035666716,0.9913745603823477,0.9138128751833936
42,0.9850677051921098,0.9118378648360295,0.9852895800816784,0.9156906391176571,0.9911442251866464,0.9128918787101362,0.9919053821884924,0.9120737987773826
43,0.9826227188351905,0.9128299834094832,0.9881426015872259,0.9110316199940595,0.9904218751662552,0.9222364222026004,0.9901200957061221,0.916591170540394
44,0.9828243322608724,0.9082190064178527,0.987647152042115,0.9193138852327318,0.9897388857635966,0.9203053820624012,0.9916773792264992,0.9120217345285695
45,0.9829305198265734,0.9070681866713731,0.9864698699690864,0.9081952408589244,0.9893208856590402,0.9166400590494316,0.992019428518941,0.9166313292250405
46,0.9847975338068576,0.906266695106353,0.9859375698593987,0.9174356558537623,0.990003556816688,0.9184227649865337,0.990954321501408,0.9175716786563501
47,0.9821763912774826,0.913669504851574,0.9855616608223666,0.9176298329078678,0.988824884161716,0.920336175139914,0.9908791990883588,0.9156356150365103
48,0.9827096974799269,0.9165864421674222,0.9852884278138362,0.9118616510603843,0.990196042435265,0.9174924029061424,0.9906109291410554,0.9250536187177202
49,0.9828561437460664,0.9145950593597663,0.9851048165219863,0.916552178243465,0.988823336228492,0.9175325615907891,0.9910306121677682,0.9110735721233222
50,0.9820986066866332,0.9157549040373059,0.9849457193753244,0.9146083016496874,0.9903078272199587,0.9203707341705403,0.9901573838737928,0.9212352786980866
51,0.979580896559558,0.9129664965607551,0.9829744353019039,0.9155964979709491,0.988863867580456,0.91666571791763,0.9900811079406568,0.9222664687676966
52,0.981986532755734,0.9109721083513607,0.9859341095554733,0.9137573856575407,0.9895843933473099,0.9250417587229584,0.9911433331683783,0.9193759368324632
53,0.9809935142754659,0.9165179598889125,0.9845708678954597,0.9119124577826703,0.9898163719702282,0.916707624477488,0.9904982423497658,0.9194796139243422
54,0.9821729271227059,0.9183256889114702,0.9842974542077821,0.9156653209255327,0.9886705993558764,0.9260968846895337,0.991106312814906,0.9166014529979812
55,0.982517248989666,0.9175599683341987,0.9830130441095177,0.9164741600197844,0.989054870099891,0.9213098716447273,0.9896221630116839,0.9241129741797415
56,0.9813361483809274,0.9175868391595196,0.9837331941279588,0.9145606250977721,0.9882906285862756,0.922353092047136,0.9901548498458205,0.9176122029210488
57,0.983162762437312,0.9193958257086043,0.983654478504287,0.9071879162128966,0.989016530273249,0.9241969327335162,0.989888953423511,0.9222186218777445
58,0.9807296700158085,0.9204174938720021,0.9839585395440478,0.915493822241865,0.9884432771907151,0.9185104754544635,0.9897358584356916,0.921326119336387
59,0.982289420524559,0.9175300921071394,0.9805385773109073,0.9100103174107137,0.9888252834928292,0.9166297765918443,0.9898900400830641,0.9242175681220738
60,0.9797390313930245,0.9166210011980485,0.9839201742089551,0.9137636459982821,0.9885968292248586,0.922348579581606,0.9900796481867585,0.9212693722840068
61,0.978636708017964,0.9128845560848826,0.9833519534036049,0.9155997984793568,0.9874159243309072,0.9269582990467092,0.9894713070461648,0.9213139186655515
62,0.9789044268425208,0.906162055594616,0.9833911370213954,0.9193825378492785,0.9883314343107348,0.9223098031921187,0.9904227598082762,0.9241653335352237
63,0.979509456622,0.91275869097125,0.9813363869178369,0.9193794076789078,0.9879868695348842,0.92701366380393,0.9882162106564473,0.9241623737028899
64,0.9795841358910429,0.9070935048634977,0.982404276243122,0.9138773104410792,0.9870018743826644,0.9270660231594122,0.9898129893135217,0.9231830775440562
65,0.9814500084901531,0.915600885667847,0.98202009756619,0.9185570648178885,0.9877587176356175,0.9251745059211168,0.9894348312544023,0.9194705434238772
66,0.9811118499695878,0.9212530790229425,0.982631137730336,0.9194169265418679,0.9871512432485425,0.9242222509256407,0.9880663610161281,0.9223440215466712
67,0.9792033873196323,0.9213095309686535,0.9824385946705185,0.9175402497960946,0.9879490702477774,0.9261136433953039,0.9892427939471714,0.9251801055751372
68,0.980809021000676,0.9166866484128566,0.9825560471607665,0.9127824316262001,0.9865428203810156,0.9232309244340083,0.9898511601132339,0.9185004881035452
69,0.9791696434840249,0.9193495314518484,0.980647254545826,0.9138458815808237,0.9876472711262274,0.9241145268129378,0.9890126489838683,0.9241632905533433
70,0.9790178937273232,0.9175089912738759,0.9821402972575033,0.9148636590224757,0.9860462637687809,0.9297634196596256,0.9886772900281606,0.923253282793799
71,0.9795523698584814,0.9185080059708138,0.9802287236397824,0.9147175783955867,0.9874583644461637,0.9204095105600275,0.9871497761942332,0.9203672633240957
72,0.9768893732972094,0.912754473612389,0.9813384039462725,0.9146294480523557,0.9869214038064237,0.9204052932011665,0.988217943573557,0.922235505352147
73,0.9773884158719848,0.9127857321346077,0.9807251050402875,0.912868013286554,0.9875313310116277,0.9204449864411072,0.9887121285376017,0.9195438788439908
74,0.9742297408137136,0.9119945230271749,0.9802350365976074,0.9175388675009353,0.9883676596908209,0.9185735284169898,0.9881793878016761,0.9288096120309532
75,0.9783709761218486,0.913786129126705,0.9794300501373321,0.913702511249004,0.987379270342419,0.9269539113498113,0.9877610401549681,0.9241744040356886
76,0.9759771863327352,0.9176002973568823,0.9800423913660572,0.9146547662444802,0.9873789670424413,0.9270139589105991,0.9883312928523559,0.9240787102557843
77,0.9767792505191869,0.9147771605116684,0.9825539965146944,0.9155336402504379,0.9879120440546905,0.9241745743737255,0.9879127971033788,0.9204052932011665
78,0.973732098934506,0.9166131882241109,0.9796239571622494,0.9164340013351377,0.9863920095711076,0.9233175477134478,0.9884075185438389,0.9223174458280194
79,0.9771225105647271,0.9167210826748508,0.9824762268444053,0.9089579809384354,0.9876467322025401,0.9214129129538634,0.9872664720436142,0.9194588081977476
80,0.9755557457597911,0.9167180772731122,0.9795504353240257,0.9156084035351156,0.9862393429997329,0.9166360120286076,0.9884427841168479,0.9194614729234124
81,0.9740459592337051,0.9146251851240899,0.9795501490047085,0.9108000737496043,0.9877990396894901,0.9241727266338601,0.9885603025124644,0.9195141729549684
82,0.9726686982169803,0.9166210011980485,0.9781472959257761,0.918409011682502,0.9859333123705156,0.9251613883998279,0.9871504017567748,0.9270091057689952
83,0.9758673910323995,0.9127469557451203,0.980235117030446,0.9165462585787973,0.986355326811945,0.9166522597202672,0.9881414292228899,0.9241925450366183
84,0.9742686736018049,0.9136993810786334,0.9772355002287962,0.9062876006976015,0.9860117807602472,0.9251271244758706,0.9874152720343595,0.9232534531318359
85,0.9733939424187168,0.9128874910132383,0.9792859166545103,0.9090866562117915,0.9862398143783125,0.9250758523088787,0.9879500236885149,0.9260135619185018
86,0.9754851956814559,0.9156656160322018,0.9783333318662084,0.9137038935441635,0.986846114950472,0.9213875491923341,0.987531577144795,0.9269747170764058
87,0.97263135831555,0.914743066925748,0.9806524022495926,0.9174851801455429,0.9856317576120159,0.924083438628756,0.9884430330601081,0.9270615106938821
88,0.9747243382039119,0.9185258062956698,0.9809209180446339,0.9137817869992118,0.9866584951595399,0.9242011500923772,0.9866944117801094,0.9241566037108326
89,0.971530269308439,0.9165286079265518,0.9785630728899343,0.9203796343329682,0.9854423506493221,0.9231519893598743,0.986279545793807,0.919530295877996
90,0.9728999598322274,0.9166524300583041,0.9787156043979833,0.9137740987939064,0.9855547163687125,0.9269869177472414,0.987453822021368,0.9203766994046125
91,0.9710377630815135,0.9146383026453789,0.9782961483412329,0.9203228872805881,0.9862779012846273,0.9232906768881269,0.9855166557376364,0.9193794076789078
92,0.9742302017371184,0.9137862994647419,0.9811465127626419,0.9184959300686104,0.9857078459800362,0.9223010277983229,0.9874560086724571,0.93072210533388
93,0.9689080520098342,0.9109513026247662,0.9777645313122048,0.9222234750193483,0.985821058493408,0.9252043821481761,0.986657885510211,0.9222785446699
94,0.9730534130656285,0.9109209609530009,0.9790582064810222,0.9136890530516413,0.9861631908205524,0.9223087160036284,0.987837771557051,0.9250703774234905
95,0.9693633672741582,0.9053280230768719,0.9792433055031273,0.9165404885867401,0.9844911831625124,0.9299217009573502,0.9880666317361072,0.9204963041775038
96,0.9741171119206722,0.9090256918005505,0.9774997411266364,0.9108124447584767,0.9862384041445872,0.9222575686052686,0.9872312121353166,0.924302638768317
97,0.9704280958170224,0.9146414783851543,0.9775003253256362,0.9193254501208246,0.9827783822326671,0.9279782442388739,0.9869967695254932,0.9232010482069489
98,0.9732035619218481,0.9109959737749429,0.9786372452237377,0.9146056369240226,0.9855556610527967,0.9193811555541191,0.9875726422796621,0.9222874448323279
99,0.9720291107159843,0.9119097474876008,0.9777658068754936,0.9157597571789098,0.9846811324480736,0.9279660435680382,0.9872265057401461,0.9233022168722415
100,0.9711892368941968,0.9137918991187622,0.9784871634619958,0.9184269823453948,0.9856319817349797,0.921325824229718,0.9869236859448692,0.9288498162850046
