round,dual_src,dual_cohort,double_src,double_cohort
0,0.9985506551168347,0.8225200326521813,0.9985506551168347,0.8225200326521813
1,0.9987462890578195,0.7717594043887147,0.9987462890578195,0.7717594043887147
2,0.9902713889211572,0.9551084117032392,0.9965801712046445,0.9108633751306165
3,0.9950224546883955,0.9680250783699059,0.9950955891377065,0.9427978056426333
4,0.993616768024636,0.9749216300940439,0.9956690773314816,0.9427978056426333
5,0.9944126405535685,0.9749216300940439,0.9949829824781363,0.955525078369906
6,0.9931606645766248,0.9749216300940439,0.9951765703435641,0.9429871995820271
7,0.9910323524145844,0.98098223615465,0.993578543477145,0.9680250783699059
8,0.9930834174446267,0.9939393939393939,0.9930509106243323,0.9557144723092998
9,0.9898186500050681,0.9870428422152561,0.993312406570367,0.9619644723092999
10,0.9897416829309109,0.98098223615465,0.992897092535431,0.9688610240334379
11,0.9897019326956402,0.9878787878787879,0.9918304545671582,0.9682549634273773
12,0.9885239219659803,0.9870428422152561,0.9926308167206529,0.9628004179728318
13,0.9857503095887507,0.9878787878787879,0.9909930178149735,0.9688610240334379
14,0.9874183893389779,0.98098223615465,0.9920602907085825,0.9688610240334379
15,0.9855599594679288,0.9939393939393939,0.9903105155982027,0.9619644723092999
16,0.9835042715967824,0.98098223615465,0.9919077493463642,0.9682549634273773
17,0.983085606883561,0.9939393939393939,0.9900428452134149,0.9688610240334379
18,0.978074917628027,0.9939393939393939,0.9911848435094346,0.9626110240334379
19,0.9843360629718538,0.9878787878787879,0.9900056045946676,0.98098223615465
20,0.9741470073671531,0.9878787878787879,0.9918314287359775,0.98098223615465
21,0.9804677894367354,0.9939393939393939,0.9886370917193911,0.9688610240334379
22,0.9713346143921507,0.9878787878787879,0.990652750586576,0.9626110240334379
23,0.9734377278015373,0.9878787878787879,0.9885248989322012,0.98098223615465
24,0.9720521202175635,0.9870428422152561,0.9904254160746653,0.9626110240334379
25,0.9705025130192486,0.9878787878787879,0.9868883476610356,0.9749216300940439
26,0.9587863225106051,0.98098223615465,0.9889423735919031,0.9626110240334379
27,0.9670793734858308,0.9870428422152561,0.9857507404896961,0.9749216300940439
28,0.9595872304082824,0.9878787878787879,0.9879147203425197,0.9626110240334379
29,0.969856597046281,0.9870428422152561,0.9841877762434404,0.9749216300940439
30,0.9577556434905835,0.98098223615465,0.9866225427525316,0.9743155694879833
31,0.9655171109343786,0.9870428422152561,0.9810338563739517,0.9688610240334379
32,0.9544446539182724,0.98098223615465,0.9851002892777234,0.9803761755485894
33,0.9553620804962704,0.98098223615465,0.9842660485754156,0.9688610240334379
34,0.9426812241261252,0.98098223615465,0.984036751101021,0.98098223615465
35,0.9566899144247688,0.9878787878787879,0.9797455704483844,0.9688610240334379
36,0.9481512995569016,0.9878787878787879,0.983922736066693,0.9939393939393939
37,0.9576392577272987,0.9878787878787879,0.9774553599818269,0.9688610240334379
38,0.9496310855802768,0.98098223615465,0.9827807524302774,0.9939393939393939
39,0.9426657219842388,0.98098223615465,0.9786445728831458,0.9749216300940439
40,0.9414495643273589,0.98098223615465,0.9816770197810774,0.98098223615465
41,0.9445753311990551,0.98098223615465,0.9771221058551689,0.9619644723092999
42,0.9267045736874088,0.9870428422152561,0.9788617585330434,0.98098223615465
43,0.9369461960710849,0.98098223615465,0.9765926761340736,0.9680250783699059
44,0.9280548144343495,0.9870428422152561,0.9780261239666522,0.98098223615465
45,0.92679535023818,0.993103448275862,0.9725131124050063,0.9688610240334379
46,0.9210644160699755,0.9870428422152561,0.9775346748202902,0.9870428422152561
47,0.9321491563513162,0.98098223615465,0.9711871081390034,0.9878787878787879
48,0.9328593079186681,0.9939393939393939,0.9751384105145029,0.9749216300940439
49,0.9173521078963521,0.9878787878787879,0.9711493464501805,0.9818181818181818
50,0.9191854854929696,0.9878787878787879,0.9735765653465703,0.9686716300940439
51,0.9260064696055188,1.0,0.9664407523303427,0.98098223615465
52,0.8982336948127913,0.9878787878787879,0.9708699305612961,0.9749216300940439
53,0.9102860036725583,0.9870428422152561,0.9692469520084882,0.9749216300940439
54,0.9084621596264894,0.9870428422152561,0.9725469843325786,0.98098223615465
55,0.9092261487239263,0.9878787878787879,0.9663251638344884,0.9749216300940439
56,0.9003652479438365,0.9870428422152561,0.9723204894705222,0.98098223615465
57,0.9158636493869955,0.9743155694879833,0.9630490153562274,0.9749216300940439
58,0.9087162756392076,0.993103448275862,0.9721279955207336,0.98098223615465
59,0.9044129909834814,0.9870428422152561,0.9593921513397268,0.9688610240334379
60,0.9034123424345448,0.9803761755485894,0.9700395595729647,0.9870428422152561
61,0.8882137661282182,0.9870428422152561,0.9576781147203657,0.9749216300940439
62,0.9021232468539199,0.9818181818181818,0.9701566277272538,0.98098223615465
63,0.8939868083082881,0.9803761755485894,0.9619477375857162,0.98098223615465
64,0.9024924750752633,0.9812121212121212,0.9663095842433852,0.98098223615465
65,0.8769413626078825,0.9870428422152561,0.9594359007759211,0.974085684430512
66,0.8886429599936654,0.98098223615465,0.968214083653759,0.98098223615465
67,0.8965816835748291,0.9878787878787879,0.9633104981055483,0.9870428422152561
68,0.8775842153461431,0.98098223615465,0.9643261997768197,0.9749216300940439
69,0.8839550846000963,0.98098223615465,0.9600891940546211,0.974085684430512
70,0.8886310440735111,0.9870428422152561,0.9645621573377251,0.98098223615465
71,0.889249863414072,0.9803761755485894,0.9555561099710181,0.974085684430512
72,0.8847293575356835,0.9870428422152561,0.963725736368763,0.98098223615465
73,0.8811018322093148,0.9803761755485894,0.9532590053315907,0.9749216300940439
74,0.881404963986395,0.9743155694879833,0.9616297003240809,0.98098223615465
75,0.8777241525071008,0.9743155694879833,0.9560568675555906,0.974085684430512
76,0.8803297441561533,0.9803761755485894,0.9624240384136613,0.9749216300940439
77,0.8818354484479454,0.9803761755485894,0.9538837085428877,0.98098223615465
78,0.8525176120856996,0.98098223615465,0.9572184484539858,0.9878787878787879
79,0.8861102706568756,0.98098223615465,0.9521333793511957,0.98098223615465
80,0.8605503775250839,0.9803761755485894,0.9510235859816157,0.9676489028213167
81,0.8600457563686507,0.9870428422152561,0.9426160875869496,0.9680250783699059
82,0.8681687034855108,0.9743155694879833,0.9571914201440259,0.9803761755485894
83,0.8537169722706487,0.9743155694879833,0.9426882177449313,0.9749216300940439
84,0.8647653893936811,0.9755681818181818,0.9522837010943719,0.9870428422152561
85,0.8626218058664876,0.9743155694879833,0.95265950661194,0.9878787878787879
86,0.8652718996245328,0.9870428422152561,0.9450118916831919,0.98098223615465
87,0.8517726072641755,0.98098223615465,0.945520105724805,0.9878787878787879
88,0.8470162303825315,0.9803761755485894,0.9449705377234129,0.9749216300940439
89,0.8537638136236502,0.9743155694879833,0.9421004546753444,0.9878787878787879
90,0.842675090015303,0.9743155694879833,0.9390737968536063,0.9743155694879833
91,0.8559903947051735,0.9803761755485894,0.9353683538779347,0.9870428422152561
92,0.8438387187292876,0.9743155694879833,0.9444366045484697,0.9749216300940439
93,0.8573313445024319,0.9803761755485894,0.9332519435350669,0.9803761755485894
94,0.8505207737367307,0.9872727272727273,0.9445167936891276,0.9749216300940439
95,0.8537444229228375,0.9743155694879833,0.9339407120644193,0.9743155694879833
96,0.8437898772631557,0.9803761755485894,0.9449699124434385,0.9870428422152561
97,0.8634893179087998,0.9803761755485894,0.9341430191332487,0.9749216300940439
98,0.828302583136808,0.9743155694879833,0.9412344104863491,0.98098223615465
99,0.8491678788273747,0.9743155694879833,0.9384187217486759,0.9743155694879833
100,0.8408434065219992,0.9743155694879833,0.9373084107998271,0.98098223615465
