round,control_fedavg_src,control_fedavg_cohort,anchor_h2_src,anchor_h2_cohort,eta_0p95_src,eta_0p95_cohort,weight_q0_src,weight_q0_cohort
0,0.9985506551168347,0.8225200326521813,0.9985506551168347,0.8225200326521813,0.9985506551168347,0.8225200326521813,0.9985506551168347,0.8225200326521813
1,0.9987462890578195,0.8081145017238961,0.9987462890578195,0.8081145017238961,0.9987462890578195,0.8081145017238961,0.9987462890578195,0.8081145017238961
2,0.9971509571026856,0.8444294556855294,0.9972646427232266,0.8387267051454124,0.9972647655090024,0.8332419883571385,0.9969605969668469,0.8360649548643155
3,0.9960109187838306,0.8529249558296904,0.9959342924330317,0.84628340849146,0.9958198269277306,0.8482570365436648,0.996049310287475,0.8454697162556043
4,0.9953246256099952,0.8538804408601912,0.9955894039223618,0.8612473092796266,0.9963518591919094,0.8463651786292955,0.9955159246386679,0.8547055732155074
5,0.996048983954372,0.855801663987509,0.9960102043978751,0.8528709733676291,0.9962762915413605,0.8568360297968945,0.9960103248832289,0.865989821512293
6,0.9949465356991264,0.8678709858196181,0.9958588830369839,0.8668599656938597,0.9955925001548879,0.8604367472141415,0.9950598940211826,0.8705485639170734
7,0.9948685589110069,0.8753693894800894,0.9952509278339408,0.8734076669920511,0.9955540993169618,0.8623176164147976,0.9949848240926683,0.8696696443417108
8,0.9950974705921621,0.8725315120070073,0.9958579079567424,0.8780711736772007,0.9955921816810138,0.8754786662259887,0.9947163571392806,0.8790132460797435
9,0.9954778294523037,0.8716895666506715,0.9952130773425967,0.8716209140341249,0.9945267634872201,0.8765341328686377,0.9947568234652052,0.8774265106413629
10,0.9942239659373876,0.8801511435469491,0.9942242699048853,0.8744979877719955,0.9939939209762322,0.8838844129203395,0.9946034748205397,0.8810270577205731
11,0.9948703295056158,0.8810350410325476,0.9932749964962496,0.883760761126624,0.9942229823680854,0.881945343898761,0.9944520680563076,0.882945491353594
12,0.9927428555147969,0.887638899169781,0.9935389751593325,0.8855951657324874,0.9931590465028067,0.8884406858414702,0.9934630002598603,0.8893871003715061
13,0.9935034821293395,0.8903423607687208,0.9917940659516512,0.8895022175828455,0.9931235403185317,0.8838995734235089,0.994071260060233,0.8913726339878775
14,0.9927436351706939,0.8884932155349894,0.9935025202033803,0.8913670343338571,0.9918302497558048,0.8968858447080512,0.9936532895129909,0.8856250419595467
15,0.9927435199803932,0.8949524209098979,0.9933116114597659,0.8959556073962921,0.9935026123776096,0.8941166198515158,0.9935769843402543,0.8997696052884325
16,0.9924394021669121,0.8840731606584615,0.9934629569319061,0.89771859479529,0.9930822574270403,0.9006488199704641,0.9924771354824493,0.8960288180477735
17,0.9922879366370758,0.8997460349715193,0.9933122254945496,0.8940645556027027,0.9912612495544726,0.9091535609531268,0.9936916587021922,0.894372147562341
18,0.9909570726811056,0.896893021899246,0.9918678981066581,0.8987993796300636,0.9927785345432046,0.8978965241577359,0.9917919501216905,0.9006608958726675
19,0.9922879089074186,0.8885914492719262,0.9927812763980545,0.9081653646318651,0.9905025372656096,0.9014816405310858,0.9931979081701515,0.8970082389752394
20,0.9916037187440292,0.8949153468262172,0.9930842630229461,0.9034868222121784,0.9925522492600474,0.9062065770721824,0.9918681012295847,0.9091043317680153
21,0.990688236966624,0.894862987470735,0.9928187125887789,0.8977902528135752,0.9906920535789893,0.9072533138904404,0.9911091930578685,0.9026898431126883
22,0.9919819218869632,0.8988053448641359,0.9919429650575953,0.8998731120422745,0.9920200788989814,0.9034957223746063,0.9917912617059516,0.9053599033428749
23,0.9897358057080371,0.8996328359734281,0.9916402230900356,0.9062757656068179,0.9901175731662044,0.9081701722040643,0.99125979069774,0.9034928873109046
24,0.9905783369533521,0.898897161961253,0.9908833560170587,0.8967991758592071,0.9919802721473664,0.9043436785344192,0.9903144689515222,0.9063428406861901
25,0.9900817828978742,0.907143074724683,0.9899677094772351,0.9089687744101335,0.9905343993527383,0.9072206275036576,0.9909907498748257,0.9006177317862822
26,0.9892819962421866,0.8996164179437316,0.9916406969268865,0.901680841064832,0.9904249845502658,0.9109048380299734,0.9900078003949184,0.9100601823785681
27,0.9893620261203929,0.904315425413939,0.9911443650429743,0.9072594038931449,0.9895103724008494,0.9155954107824589,0.9908028119078812,0.908108617579485
28,0.988485150515412,0.9062282138235348,0.9909557439759783,0.9089689447481704,0.9910713258929014,0.9099913594239846,0.9908427538022383,0.9063295072574595
29,0.9888657318790892,0.90145101779161,0.9907281366384214,0.9100553292369642,0.9887111880836621,0.9146652190401044,0.9887487193447615,0.9117912754726045
30,0.9889408353672404,0.9053589864924215,0.9884106548186634,0.9128002775204608,0.9894332863751734,0.9053827271473717,0.9905000556020112,0.9119202707566079
31,0.9881039364646591,0.9089340450414702,0.9906865502180893,0.9053594519371275,0.9884486381421107,0.9099538405610245,0.9891665951373271,0.9136577696254444
32,0.9876514392291074,0.9053890330575177,0.9894336594865727,0.9062128829823286,0.9901189573059721,0.9090644681900377,0.9897404836861785,0.9128173313329001
33,0.9870393518002972,0.9042855491868796,0.9884850405860565,0.9129288073597581,0.9877998351868035,0.9128038731355373,0.9887874587736896,0.9118869692525089
34,0.9880278752476264,0.9080340702022489,0.9890531958047929,0.9109314137486251,0.9885220785408454,0.9062952433335023,0.9880301887646652,0.9193991262170119
35,0.9834714976115232,0.9128245085240949,0.9890939063359185,0.9081672828451134,0.9878738985271467,0.9118780690900808,0.9874941552315839,0.9137173517415262
36,0.9879904241118687,0.9053548147029653,0.9866924253263145,0.9090283565262152,0.9877600795100893,0.9146636664069081,0.9870778522992257,0.9138588743334805
37,0.9839212605393357,0.9128257660506222,0.9893202535239451,0.9035918815992166,0.9859398474904721,0.9127424432795903,0.9869249220172585,0.9146785068994303
38,0.9878381374266206,0.9091179852073932,0.9868056344509237,0.9128215486917611,0.9857084575270622,0.9081761830075413,0.9868124032847191,0.9164374721815823
39,0.9856343218523899,0.9118435100594545,0.9865845695131001,0.9090431970187374,0.9855983772424491,0.9100539469418049,0.9872286397837418,0.9146608313432065
40,0.9872293632893724,0.9109424024623383,0.9880284230677209,0.917508820935839,0.9861243555524462,0.9101405702212443,0.9879533951634312,0.9174391267002068
41,0.9847196059800932,0.9136946982750664,0.9886755868091602,0.907222009798817,0.9857853301546211,0.9072505037307169,0.983953123756533,0.9184479584100261
42,0.9850677051921098,0.9118378648360295,0.9852895800816784,0.9156906391176571,0.9854407357023367,0.9147979662382628,0.9877996198202343,0.9185855587497884
43,0.9826227188351905,0.9128299834094832,0.9881426015872259,0.9110316199940595,0.9857465932483417,0.9127887375363462,0.9835773753077496,0.9183882059559074
44,0.9828243322608724,0.9082190064178527,0.987647152042115,0.9193138852327318,0.9859363432592888,0.9090629155568415,0.986925683100079,0.9222575686052686
45,0.9829305198265734,0.9070681866713731,0.9864698699690864,0.9081952408589244,0.9830436933320272,0.9203224218358821,0.9851766193010255,0.9184225946484968
46,0.9847975338068576,0.906266695106353,0.9859375698593987,0.9174356558537623,0.9852515522153978,0.909192873260703,0.9856327517796261,0.9184956349619414
47,0.9821763912774826,0.913669504851574,0.9855616608223666,0.9176298329078678,0.985099612756603,0.9147038250915548,0.9847937723523648,0.9213187718071554
48,0.9827096974799269,0.9165864421674222,0.9852884278138362,0.9118616510603843,0.9848330441779938,0.9138276158112617,0.9844542767567313,0.9119778098908092
49,0.9828561437460664,0.9145950593597663,0.9851048165219863,0.916552178243465,0.9827822146286502,0.91850766529474,0.9838404827269956,0.9147579074182702
50,0.9820986066866332,0.9157549040373059,0.9849457193753244,0.9146083016496874,0.9839619427323248,0.9120156694298431,0.9827513208330377,0.9174791150468166
51,0.979580896559558,0.9129664965607551,0.9829744353019039,0.9155964979709491,0.982477246604695,0.9174983681402148,0.9834652138828814,0.9156401275020403
52,0.981986532755734,0.9109721083513607,0.9859341095554733,0.9137573856575407,0.9845305430615626,0.9194633911366606,0.984492988801446,0.9129649190235807
53,0.9809935142754659,0.9165179598889125,0.9845708678954597,0.9119124577826703,0.9839618600502265,0.9147221364305215,0.9817162488917308,0.9137606405965436
54,0.9821729271227059,0.9183256889114702,0.9842974542077821,0.9156653209255327,0.983883280327883,0.9176781908119307,0.9843781726325647,0.9129215845991586
55,0.982517248989666,0.9175599683341987,0.9830130441095177,0.9164741600197844,0.9818327155529992,0.9129682195319884,0.9827391329846532,0.9156237094723437
56,0.9813361483809274,0.9175868391595196,0.9837331941279588,0.9145606250977721,0.9814145706254516,0.909046327189108,0.9814512399350092,0.920312559253596
57,0.983162762437312,0.9193958257086043,0.983654478504287,0.9071879162128966,0.9829341730159232,0.9090943444170971,0.9824016655361104,0.91943176703439
58,0.9807296700158085,0.9204174938720021,0.9839585395440478,0.915493822241865,0.98179392623782,0.9138502692777215,0.9809570176027859,0.9164924713587511
59,0.982289420524559,0.9175300921071394,0.9805385773109073,0.9100103174107137,0.9814524555717743,0.9147729431528073,0.9824029957674525,0.9138996688008699
60,0.9797390313930245,0.9166210011980485,0.9839201742089551,0.9137636459982821,0.9818680793420264,0.9156340168339092,0.9803066152819371,0.9146023613195933
61,0.978636708017964,0.9128845560848826,0.9833519534036049,0.9155997984793568,0.9809890925279813,0.9156567158697737,0.9823258555382867,0.9158175914197801
62,0.9789044268425208,0.906162055594616,0.9833911370213954,0.9193825378492785,0.9828954885091672,0.9119157582910778,0.9797783179643105,0.9184225946484968
63,0.979509456622,0.91275869097125,0.9813363869178369,0.9193794076789078,0.9789381309364313,0.9183930590975113,0.9814499197708874,0.9202404357906049
64,0.9795841358910429,0.9070935048634977,0.982404276243122,0.9138773104410792,0.9810716371228084,0.9081595946398078,0.9822105026565071,0.9137335994331859
65,0.9814500084901531,0.915600885667847,0.98202009756619,0.9185570648178885,0.9791294990993706,0.9146866605494417,0.9799680409678628,0.9174178099595016
66,0.9811118499695878,0.9212530790229425,0.982631137730336,0.9194169265418679,0.9785227913200737,0.9136978284454371,0.9816451336098481,0.9128782957441413
67,0.9792033873196323,0.9213095309686535,0.9824385946705185,0.9175402497960946,0.9790259435624716,0.9127174201941348,0.9783276758192492,0.9118916520560758
68,0.980809021000676,0.9166866484128566,0.9825560471607665,0.9127824316262001,0.9798523205021802,0.9165864421674222,0.9809951672734476,0.9138009696192271
69,0.9791696434840249,0.9193495314518484,0.980647254545826,0.9138458815808237,0.9762838612261919,0.9165817593638552,0.9794759284510822,0.9118168887713981
70,0.9790178937273232,0.9175089912738759,0.9821402972575033,0.9148636590224757,0.9818705988770962,0.9127738721398458,0.9784863944448928,0.91938404491307
71,0.9795523698584814,0.9185080059708138,0.9802287236397824,0.9147175783955867,0.9764719329045687,0.9194136260334602,0.9793988800367042,0.9082028834948253
72,0.9768893732972094,0.912754473612389,0.9813384039462725,0.9146294480523557,0.9790989430635948,0.9175225742398708,0.9803864637380997,0.9137170110654524
73,0.9773884158719848,0.9127857321346077,0.9807251050402875,0.912868013286554,0.9776466982803506,0.9070740814320626,0.9750611564887943,0.9108971747286461
74,0.9742297408137136,0.9119945230271749,0.9802350365976074,0.9175388675009353,0.9806132756369244,0.9127918428027387,0.980308534833671,0.9155832101116232
75,0.9783709761218486,0.913786129126705,0.9794300501373321,0.913702511249004,0.974951258008639,0.9212351083600496,0.9776513299860274,0.9175596276581249
76,0.9759771863327352,0.9176002973568823,0.9800423913660572,0.9146547662444802,0.9781805312157581,0.9127854370279386,0.9806519733840153,0.915717975387684
77,0.9767792505191869,0.9147771605116684,0.9825539965146944,0.9155336402504379,0.9774974731042746,0.9117395063304604,0.9764359528251201,0.918347876933224
78,0.973732098934506,0.9166131882241109,0.9796239571622494,0.9164340013351377,0.9774193845548441,0.9081337654335726,0.9798167462312344,0.9119603046726223
79,0.9771225105647271,0.9167210826748508,0.9824762268444053,0.9089579809384354,0.977686832867593,0.909079138344523,0.9730954100385127,0.916580672175365
80,0.9755557457597911,0.9167180772731122,0.9795504353240257,0.9156084035351156,0.977538106429636,0.919427549675529,0.9800423347975094,0.9118228291014923
81,0.9740459592337051,0.9146251851240899,0.9795501490047085,0.9108000737496043,0.9761290519607314,0.9174928683508484,0.9738926379895244,0.919412073400264
82,0.9726686982169803,0.9166210011980485,0.9781472959257761,0.918409011682502,0.9760525619611758,0.9128919242795409,0.9784864490617838,0.9128143259311616
83,0.9758673910323995,0.9127469557451203,0.980235117030446,0.9165462585787973,0.9751819452304323,0.9136712278228072,0.9775016118975138,0.9148340779020854
84,0.9742686736018049,0.9136993810786334,0.9772355002287962,0.9062876006976015,0.9753325818622087,0.9174822452171872,0.9763188114627682,0.9193600091514509
85,0.9733939424187168,0.9128874910132383,0.9792859166545103,0.9090866562117915,0.9760582903584768,0.9137787815974733,0.9775357096729229,0.9157656975090039
86,0.9754851956814559,0.9156656160322018,0.9783333318662084,0.9137038935441635,0.9753354784317854,0.9222101871600225,0.9767719420057932,0.914710060528318
87,0.97263135831555,0.914743066925748,0.9806524022495926,0.9174851801455429,0.9760148938977435,0.9090388093218394,0.976510752776552,0.914874406924769
88,0.9747243382039119,0.9185258062956698,0.9809209180446339,0.9137817869992118,0.975065509944177,0.915732986218243,0.9748016806967278,0.9213650660639112
89,0.971530269308439,0.9165286079265518,0.9785630728899343,0.9203796343329682,0.9740772098086988,0.9213605080289764,0.9740368437932014,0.9128561077223875
90,0.9728999598322274,0.9166524300583041,0.9787156043979833,0.9137740987939064,0.9724467891799298,0.9213217316394892,0.9735487136711279,0.9213678306542299
91,0.9710377630815135,0.9146383026453789,0.9782961483412329,0.9203228872805881,0.9727815816387778,0.9147261834513455,0.9748355410133512,0.9185096833726423
92,0.9742302017371184,0.9137862994647419,0.9811465127626419,0.9184959300686104,0.9759814358045401,0.9081687899089048,0.9752191970464684,0.9072342104696526
93,0.9689080520098342,0.9109513026247662,0.9777645313122048,0.9222234750193483,0.9730142482227654,0.9166012826599443,0.9739994177575066,0.9156565455317368
94,0.9730534130656285,0.9109209609530009,0.9790582064810222,0.9136890530516413,0.9746469409568678,0.9091224271995403,0.973162666896656,0.9175213167133436
95,0.9693633672741582,0.9053280230768719,0.9792433055031273,0.9165404885867401,0.972439044102176,0.9129576962629812,0.9760175413260479,0.911944011411558
96,0.9741171119206722,0.9090256918005505,0.9774997411266364,0.9108124447584767,0.9735818549329942,0.911877898752044,0.9716452285892354,0.9137470576305486
97,0.9704280958170224,0.9146414783851543,0.9775003253256362,0.9193254501208246,0.9736627972404187,0.9185289115620623,0.976128136738015,0.9157176802810149
98,0.9732035619218481,0.9109959737749429,0.9786372452237377,0.9146056369240226,0.9733174680449298,0.9213407894908723,0.9713398333672948,0.9147429421571158
99,0.9720291107159843,0.9119097474876008,0.9777658068754936,0.9157597571789098,0.9732425821319208,0.9184838997358118,0.9758623824660777,0.9147698129824366
100,0.9711892368941968,0.9137918991187622,0.9784871634619958,0.9184269823453948,0.969860381495115,0.9175613506293581,0.9718717816250113,0.9156354446984734
