round,control_fedavg_src,control_fedavg_cohort
0,0.9985506551168347,0.8225200326521813
1,0.9987462890578195,0.8081145017238961
2,0.9971509571026856,0.8444294556855294
3,0.9960109187838306,0.8529249558296904
4,0.9953246256099952,0.8538804408601912
5,0.996048983954372,0.855801663987509
6,0.9949465356991264,0.8678709858196181
7,0.9948685589110069,0.8753693894800894
8,0.9950974705921621,0.8725315120070073
9,0.9954778294523037,0.8716895666506715
10,0.9942239659373876,0.8801511435469491
11,0.9948703295056158,0.8810350410325476
12,0.9927428555147969,0.887638899169781
13,0.9935034821293395,0.8903423607687208
14,0.9927436351706939,0.8884932155349894
15,0.9927435199803932,0.8949524209098979
16,0.9924394021669121,0.8840731606584615
17,0.9922879366370758,0.8997460349715193
18,0.9909570726811056,0.896893021899246
19,0.9922879089074186,0.8885914492719262
20,0.9916037187440292,0.8949153468262172
21,0.990688236966624,0.894862987470735
22,0.9919819218869632,0.8988053448641359
23,0.9897358057080371,0.8996328359734281
24,0.9905783369533521,0.898897161961253
25,0.9900817828978742,0.907143074724683
26,0.9892819962421866,0.8996164179437316
27,0.9893620261203929,0.904315425413939
28,0.988485150515412,0.9062282138235348
29,0.9888657318790892,0.90145101779161
30,0.9889408353672404,0.9053589864924215
31,0.9881039364646591,0.9089340450414702
32,0.9876514392291074,0.9053890330575177
33,0.9870393518002972,0.9042855491868796
34,0.9880278752476264,0.9080340702022489
35,0.9834714976115232,0.9128245085240949
36,0.9879904241118687,0.9053548147029653
37,0.9839212605393357,0.9128257660506222
38,0.9878381374266206,0.9091179852073932
39,0.9856343218523899,0.9118435100594545
40,0.9872293632893724,0.9109424024623383
41,0.9847196059800932,0.9136946982750664
42,0.9850677051921098,0.9118378648360295
43,0.9826227188351905,0.9128299834094832
44,0.9828243322608724,0.9082190064178527
45,0.9829305198265734,0.9070681866713731
46,0.9847975338068576,0.906266695106353
47,0.9821763912774826,0.913669504851574
48,0.9827096974799269,0.9165864421674222
49,0.9828561437460664,0.9145950593597663
50,0.9820986066866332,0.9157549040373059
51,0.979580896559558,0.9129664965607551
52,0.981986532755734,0.9109721083513607
53,0.9809935142754659,0.9165179598889125
54,0.9821729271227059,0.9183256889114702
55,0.982517248989666,0.9175599683341987
56,0.9813361483809274,0.9175868391595196
57,0.983162762437312,0.9193958257086043
58,0.9807296700158085,0.9204174938720021
59,0.982289420524559,0.9175300921071394
60,0.9797390313930245,0.9166210011980485
61,0.978636708017964,0.9128845560848826
62,0.9789044268425208,0.906162055594616
63,0.979509456622,0.91275869097125
64,0.9795841358910429,0.9070935048634977
65,0.9814500084901531,0.915600885667847
66,0.9811118499695878,0.9212530790229425
67,0.9792033873196323,0.9213095309686535
68,0.980809021000676,0.9166866484128566
69,0.9791696434840249,0.9193495314518484
70,0.9790178937273232,0.9175089912738759
71,0.9795523698584814,0.9185080059708138
72,0.9768893732972094,0.912754473612389
73,0.9773884158719848,0.9127857321346077
74,0.9742297408137136,0.9119945230271749
75,0.9783709761218486,0.913786129126705
76,0.9759771863327352,0.9176002973568823
77,0.9767792505191869,0.9147771605116684
78,0.973732098934506,0.9166131882241109
79,0.9771225105647271,0.9167210826748508
80,0.9755557457597911,0.9167180772731122
81,0.9740459592337051,0.9146251851240899
82,0.9726686982169803,0.9166210011980485
83,0.9758673910323995,0.9127469557451203
84,0.9742686736018049,0.9136993810786334
85,0.9733939424187168,0.9128874910132383
86,0.9754851956814559,0.9156656160322018
87,0.97263135831555,0.914743066925748
88,0.9747243382039119,0.9185258062956698
89,0.971530269308439,0.9165286079265518
90,0.9728999598322274,0.9166524300583041
91,0.9710377630815135,0.9146383026453789
92,0.9742302017371184,0.9137862994647419
93,0.9689080520098342,0.9109513026247662
94,0.9730534130656285,0.9109209609530009
95,0.9693633672741582,0.9053280230768719
96,0.9741171119206722,0.9090256918005505
97,0.9704280958170224,0.9146414783851543
98,0.9732035619218481,0.9109959737749429
99,0.9720291107159843,0.9119097474876008
100,0.9711892368941968,0.9137918991187622
