cell,family,adaptation,adaptation_sd,preservation,preservation_sd,gained,spent,score,folds,signals
seq_delta_capped_ntd_b0p01_t2,cyclic,0.9374987343537297,0.014075179296364352,0.9901856139485532,0.0012941299315520044,0.11497870170154834,0.008365041168281517,0.10661366053326682,5,8
seq_mix_r0p3_logit_l2_lam0p003,cyclic,0.9365828766199409,0.01534760547192987,0.9910540725965697,0.001822825778220875,0.11406284396775956,0.007496582520264972,0.10656626144749459,5,8
seq_fedavg_logit_l2_lam0p003,cyclic,0.9365237753850547,0.014474414938783759,0.9908867210770712,0.0025069624138262508,0.11400374273287339,0.007663934039763509,0.10633980869310988,5,8
seq_fedavg_ntd_b0p01_t2,cyclic,0.9356164123845313,0.01612650770705489,0.9907037734796837,0.0017826896798712078,0.11309637973234998,0.007846881637150971,0.10524949809519901,5,8
seq_delta_capped_logit_l2_lam0p003,cyclic,0.9355762766160474,0.013525771738768453,0.9901627097557267,0.004921928630168182,0.11305624396386604,0.008387945361107985,0.10466829860275806,5,8
eta_0p95_logit_l2_lam0p001,parallel,0.9374183778358841,0.009980858336257767,0.9877327347417189,0.0029041233978203563,0.11489834518370279,0.010817920375115864,0.10408042480858692,5,8
anchor_h2_hybrid_seq_mix0p5,parallel,0.9308573562947153,0.011142259469731955,0.9936369501051147,0.0012014543870816077,0.10833732364253401,0.00491370501172006,0.10342361863081395,5,8
anchor_h2_ntd_b0p01_t0p5,parallel,0.9346802594864071,0.016631728379093595,0.9885404120715617,0.002455605648115985,0.11216022683422577,0.010010243045272982,0.10214998378895279,5,8
seq_mix_r0p3_ntd_b0p01_t2,cyclic,0.9328211688000396,0.01691236194728268,0.9902619745474589,0.0013397842303634207,0.1103011361478583,0.008288680569375817,0.10201245557848249,5,8
eta_0p95_hybrid_seq_mix0p5,parallel,0.929040096716173,0.017397531594541767,0.9929132916816125,0.0019334768626871539,0.10652006406399173,0.0056373634352222535,0.10088270062876947,5,8
anchor_h2_logit_l2_lam0p001,parallel,0.931761868157621,0.009774235721757962,0.9897897189539325,0.0018794586456709246,0.10924183550543964,0.008760936162902189,0.10048089934253746,5,8
weight_q0_hybrid_seq_mix0p5,parallel,0.9262202071700397,0.015651269080407988,0.9933854366985841,0.0014539214901678867,0.1037001745178584,0.005165218418250572,0.09853495609960783,5,8
eta_0p95_ntd_b0p01_t0p5,parallel,0.9319526487696588,0.01939334650872887,0.9868873822300688,0.002292346370666957,0.10943261611747745,0.01166327288676594,0.09776934323071151,5,8
weight_q0_logit_l2_lam0p001,parallel,0.9291459223142192,0.01990873955828143,0.9889670798067088,0.0011310332219565805,0.1066258896620379,0.00958357531012588,0.09704231435191202,5,8
seq_mix_r0p3_hybrid_mix0p5,cyclic,0.9262689595522583,0.01786563770404491,0.9911453834005065,0.002019850546557204,0.10374892690007698,0.00740527171632821,0.09634365518374877,5,8
seq_delta_capped_hybrid_mix0p5,cyclic,0.9196791481134888,0.01721735484173074,0.9925010734922157,0.0013312467235810216,0.09715911546130751,0.006049581624618994,0.09110953383668852,5,8
weight_q0_ntd_b0p01_t0p5,parallel,0.9262672273133256,0.01883231713908618,0.9846857963646537,0.003026581437326798,0.10374719466114424,0.01386485875218102,0.08988233590896322,5,8
seq_fedavg_hybrid_mix0p5,cyclic,0.9177612368527654,0.013506355874529951,0.9906044781904383,0.0026829673365892414,0.09524120420058413,0.007946176926396431,0.0872950272741877,5,8
