stage,tasks,payloads,rounds,clients_per_round,seconds_per_round,seconds_per_task,hours,mb_per_round,gb_per_task,gb_total,param_count
aggregation screen,480,490,25.0,8.0,0.6432000201997129,16.415000515513505,2.188666735401801,106.45568,2.7168376666666667,1304.08208,1663370
aggregation finals,85,95,100,8.0,0.7471078999462281,83.50029469987254,1.9715347359692128,106.45568,11.897987764705883,1011.32896,1663370
regularisation screen,1870,3740,25.0,8.0,1.4442329871075927,72.21164935537963,37.5099400818222,106.45568,5.322784,9953.60608,1663370
regularisation finals,110,220,100.0,8.0,1.4376173483770982,287.5234696754196,8.785439351193377,106.45568,21.291136,2342.02496,1663370
combinations,90,90,100.0,8.0,0.7050938661685343,70.50938661685343,1.7627346654213356,106.45568,10.645568,958.10112,1663370
"ten clients, one dropped",20,25,100,9.0,0.8900088076137006,111.25110095171257,0.6180616719539588,119.76264,14.97033,299.4066,1663370
"five clients, one dropped",20,25,100,4.0,0.4334122492684284,54.17653115855355,0.30098072865863085,53.22784,6.65348,133.0696,1663370
"twenty, two dropped",15,15,100,18.0,1.5481566896442092,154.81566896442092,0.6450652873517538,239.52528,23.952528,359.28792,1663370
"twenty, four dropped",15,15,100,16.0,1.3712533804939981,137.12533804939983,0.5713555752058326,212.91136,21.291136,319.36704,1663370
extremes,10,10,100.0,1.5,0.2048417329819058,20.48417329819058,0.05690048138386272,19.96044,1.996044,19.96044,1663370
size references,50,100,100.0,11.0,0.8631703945100424,172.63407890200847,2.3976955403056732,146.37656,29.275312,1463.7656,1663370
