family,role,arm,folds,adaptation,adaptation_sd,preservation,preservation_sd,score,score_sd,mean_vs_rule,folds_won_vs_rule,mean_vs_penalty,folds_won_vs_penalty,mean_vs_untuned,folds_won_vs_untuned,mean_vs_best_combo,folds_won_vs_best_combo
concurrent,rule alone,eta_0p95,5,0.926255,0.014834,0.972359,0.002016,7.7543,1.5582,,,-2.7438,0,-2.3340,0,-2.6538,0
concurrent,penalty alone,hybrid_seq_mix0p75,5,0.933655,0.014523,0.992395,0.001744,10.4980,1.4768,2.7438,5,,,0.4097,3,0.0900,2
concurrent,untuned pair,eta_0p95_hybrid_seq_mix0p5,5,0.929040,0.017398,0.992913,0.001933,10.0883,1.6471,2.3340,5,-0.4097,2,,,-0.3198,2
concurrent,tuned pair,ctune_ewc0p05_kd0p05_T0p25_mix0p75_eta0p9,5,0.922568,0.017541,0.991869,0.002286,9.3366,1.7320,1.5824,5,-1.1614,1,-0.7516,2,-1.0714,1
concurrent,best shipped combination,eta_0p95_logit_l2_lam0p001,5,0.937418,0.009981,0.987733,0.002904,10.4080,0.7691,2.6538,5,-0.0900,3,0.3198,3,,
sequential,rule alone,seq_delta_capped,5,0.918705,0.010135,0.972557,0.001497,7.0191,0.9377,,,-3.6683,0,-2.0919,1,-3.6423,0
sequential,penalty alone,hybrid_seq_mix0p75,5,0.935489,0.012312,0.992456,0.000912,10.6874,1.2832,3.6683,5,,,1.5765,5,0.0260,2
sequential,untuned pair,seq_delta_capped_hybrid_mix0p5,5,0.919679,0.017217,0.992501,0.001331,9.1110,1.7454,2.0919,4,-1.5765,0,,,-1.5504,0
sequential,tuned pair,ctune_ewc0p05_kd0p05_T0p25_mix0p75,5,0.919724,0.017094,0.992753,0.001250,9.1406,1.6360,2.1215,5,-1.5468,0,0.0296,3,-1.5208,0
sequential,best shipped combination,seq_delta_capped_ntd_b0p01_t2,5,0.937499,0.014075,0.990186,0.001294,10.6614,1.2848,3.6423,5,-0.0260,3,1.5504,5,,
