cell,family,client,folds,accuracy,shipped,delta
balanced,parallel,f2230_67,5,0.8587961603613777,0.7959126670431018,0.06288349331827592
balanced,parallel,f2564_59,5,0.8914078674948239,0.8469979296066252,0.04440993788819869
balanced,parallel,f2307_62,5,0.8989836250705816,0.8625823451910408,0.03640127987954078
balanced,parallel,f3642_03,5,0.9025000000000001,0.7597222222222222,0.1427777777777779
balanced,parallel,f2145_89,5,0.9114285714285714,0.8133333333333332,0.09809523809523812
balanced,parallel,f3211_20,5,0.9407407407407407,0.8518518518518519,0.0888888888888888
balanced,parallel,f3200_41,5,0.9629426129426129,0.8742775742775744,0.0886650386650385
balanced,parallel,f2023_12,5,0.9713852813852814,0.8069264069264068,0.16445887445887453
balanced,parallel,f0048_00,5,0.9714285714285715,0.76,0.21142857142857152
balanced,parallel,f1331_49,5,0.9813852813852814,0.7984199134199134,0.182965367965368
control,cyclic,f2230_67,5,0.8678870694522868,0.7959126670431018,0.07197440240918496
control,cyclic,f2307_62,5,0.8708450969320534,0.8625823451910408,0.008262751741012542
control,cyclic,f2564_59,5,0.8815217391304347,0.8469979296066252,0.03452380952380951
control,cyclic,f3642_03,5,0.8905555555555555,0.7597222222222222,0.13083333333333336
control,cyclic,f2145_89,5,0.891904761904762,0.8133333333333332,0.07857142857142874
control,cyclic,f3200_41,5,0.9113349613349614,0.8742775742775744,0.03705738705738704
control,cyclic,f3211_20,5,0.9333333333333332,0.8518518518518519,0.08148148148148138
control,cyclic,f0048_00,5,0.9714285714285715,0.76,0.21142857142857152
control,cyclic,f2023_12,5,0.9718614718614719,0.8069264069264068,0.16493506493506505
control,cyclic,f1331_49,5,0.9825757575757577,0.7984199134199134,0.1841558441558443
control,parallel,f3642_03,5,0.8772222222222222,0.7597222222222222,0.11750000000000005
control,parallel,f2230_67,5,0.8774108789760964,0.7959126670431018,0.08149821193299456
control,parallel,f2307_62,5,0.890720873329569,0.8625823451910408,0.02813852813852813
control,parallel,f2145_89,5,0.891904761904762,0.8133333333333332,0.07857142857142874
control,parallel,f2564_59,5,0.8997412008281573,0.8469979296066252,0.052743271221532106
control,parallel,f3200_41,5,0.9113349613349614,0.8742775742775744,0.03705738705738704
control,parallel,f3211_20,5,0.9333333333333332,0.8518518518518519,0.08148148148148138
control,parallel,f2023_12,5,0.9618614718614719,0.8069264069264068,0.15493506493506504
control,parallel,f0048_00,5,0.9714285714285715,0.76,0.21142857142857152
control,parallel,f1331_49,5,0.990909090909091,0.7984199134199134,0.1924891774891776
sequential,cyclic,f2564_59,5,0.8830745341614907,0.8469979296066252,0.0360766045548655
sequential,cyclic,f2230_67,5,0.8854108789760964,0.7959126670431018,0.08949821193299456
sequential,cyclic,f2307_62,5,0.9093355919442876,0.8625823451910408,0.04675324675324677
sequential,cyclic,f3642_03,5,0.915,0.7597222222222222,0.15527777777777785
sequential,cyclic,f2145_89,5,0.9219047619047618,0.8133333333333332,0.10857142857142854
sequential,cyclic,f3200_41,5,0.9333129833129833,0.8742775742775744,0.05903540903540894
sequential,cyclic,f3211_20,5,0.9333333333333332,0.8518518518518519,0.08148148148148138
sequential,cyclic,f0048_00,5,0.9580952380952381,0.76,0.1980952380952381
sequential,cyclic,f2023_12,5,1.0,0.8069264069264068,0.19307359307359317
sequential,cyclic,f1331_49,5,1.0,0.7984199134199134,0.20158008658008664
winner,parallel,f2230_67,5,0.8774108789760964,0.7959126670431018,0.08149821193299456
winner,parallel,f2564_59,5,0.8823498964803311,0.8469979296066252,0.0353519668737059
winner,parallel,f2307_62,5,0.8998117824204781,0.8625823451910408,0.03722943722943728
winner,parallel,f2145_89,5,0.9123809523809523,0.8133333333333332,0.09904761904761905
winner,parallel,f3642_03,5,0.915,0.7597222222222222,0.15527777777777785
winner,parallel,f3211_20,5,0.9407407407407407,0.8518518518518519,0.0888888888888888
winner,parallel,f3200_41,5,0.9481277981277982,0.8742775742775744,0.07385022385022388
winner,parallel,f2023_12,5,0.9713852813852814,0.8069264069264068,0.16445887445887453
winner,parallel,f0048_00,5,0.9714285714285715,0.76,0.21142857142857152
winner,parallel,f1331_49,5,0.9916666666666666,0.7984199134199134,0.19324675324675322
