cell,family,folds,clients,min,p25,median,mean,max,gap,g0_min,g0_mean,lift_worst,lift_mean,improved
eta_0p95_logit_l2_lam0p001,parallel,5,10,0.8627513227513228,0.9077058448797579,0.9397120009620009,0.9376991600187253,1.0,0.07494783726740248,0.7203174603174604,0.8170024243872069,0.14243386243386247,0.12069673563151839,0.9400000000000001
seq_fedavg_logit_l2_lam0p003,cyclic,5,10,0.8502645502645503,0.9096014492753624,0.9409998797498798,0.9376271209466862,1.0,0.0873625706821359,0.7203174603174604,0.8170024243872069,0.12994708994708992,0.12062469655947927,0.9
seq_delta_capped_ntd_b0p01_t2,cyclic,5,10,0.8472279733149298,0.8999825898738942,0.9431890794390794,0.938873957845697,1.0,0.09164598453076714,0.7203174603174604,0.8170024243872069,0.12691051299746947,0.12187153345849011,0.9199999999999999
eta_0p95_ntd_b0p01_t0p5,parallel,5,10,0.8459397285484241,0.8971110954263128,0.9361268361268362,0.9334861238600369,1.0,0.08754639531161275,0.7203174603174604,0.8170024243872069,0.12562226823096379,0.11648369947283,0.9199999999999999
seq_mix_r0p3_logit_l2_lam0p003,cyclic,5,10,0.8407407407407408,0.9161988936988937,0.9402720930438321,0.938439095606487,1.0,0.09769835486574621,0.7203174603174604,0.8170024243872069,0.12042328042328043,0.12143667121928003,0.9400000000000001
seq_fedavg_ntd_b0p01_t2,cyclic,5,10,0.8382994018863584,0.8942184265010352,0.9409037259037258,0.9363782868500259,1.0,0.09807888496366754,0.7203174603174604,0.8170024243872069,0.11798194156889807,0.11937586246281895,0.9
seq_mix_r0p3_ntd_b0p01_t2,cyclic,5,10,0.8377041637911203,0.8975361534600665,0.93512025012025,0.9338496307235438,1.0,0.09614546693242343,0.7203174603174604,0.8170024243872069,0.11738670347365998,0.11684720633633683,0.9
anchor_h2_logit_l2_lam0p001,parallel,5,10,0.836876006441224,0.9043809523809523,0.9359024771524771,0.9327323157518809,1.0,0.09585630931065711,0.7203174603174604,0.8170024243872069,0.1165585461237636,0.11572989136467393,0.9
seq_mix_r0p3_hybrid_mix0p5,cyclic,5,10,0.8353400673400673,0.8857505175983438,0.9336833536833536,0.9272054966772358,1.0,0.09186542933716846,0.7203174603174604,0.8170024243872069,0.11502260702260692,0.1102030722900289,0.9
seq_delta_capped_logit_l2_lam0p003,cyclic,5,10,0.8352173913043478,0.9093698893698894,0.9409398471898471,0.936529065700805,1.0,0.10131167439645705,0.7203174603174604,0.8170024243872069,0.11489993098688744,0.11952664131359803,0.9400000000000001
eta_0p95_hybrid_seq_mix0p5,parallel,5,10,0.8342316017316017,0.8824827467218771,0.936148481148481,0.9286481007720138,1.0,0.09441649904041205,0.7203174603174604,0.8170024243872069,0.11391414141414136,0.11164567638480682,0.96
weight_q0_hybrid_seq_mix0p5,parallel,5,10,0.8340067340067341,0.8882649476127737,0.9329738779738779,0.927405592877332,1.0,0.09339885887059803,0.7203174603174604,0.8170024243872069,0.11368927368927373,0.1104031684901251,0.9
seq_delta_capped_hybrid_mix0p5,cyclic,5,10,0.830204738900391,0.8767106625258799,0.9259320309320309,0.9216325153107763,1.0,0.09142777641038509,0.7203174603174604,0.8170024243872069,0.10988727858293068,0.10463009092356934,0.86
anchor_h2_hybrid_seq_mix0p5,parallel,5,10,0.8298442499529456,0.8871785139176444,0.9381613756613756,0.9312064964825835,1.0,0.10136224652963781,0.7203174603174604,0.8170024243872069,0.10952678963548523,0.11420407209537653,0.9
anchor_h2_ntd_b0p01_t0p5,parallel,5,10,0.8173682999769957,0.9052688977688979,0.9472035834535835,0.9363675206436076,1.0,0.11899922066661195,0.7203174603174604,0.8170024243872069,0.09705083965953532,0.11936509625640068,0.9199999999999999
weight_q0_logit_l2_lam0p001,parallel,5,10,0.8166772486772487,0.9083634682547725,0.9306055116381202,0.9306438449634102,1.0,0.1139665962861615,0.7203174603174604,0.8170024243872069,0.09635978835978831,0.1136414205762033,0.9
seq_fedavg_hybrid_mix0p5,cyclic,5,10,0.8134914361001317,0.878142214066127,0.9257733007733007,0.9192207788990399,1.0,0.10572934279890796,0.7203174603174604,0.8170024243872069,0.09317397578267139,0.10221835451183292,0.8200000000000001
weight_q0_ntd_b0p01_t0p5,parallel,5,10,0.8099608925695883,0.8892870414609545,0.9308858774076165,0.9269787049504441,1.0,0.11701781238085589,0.7203174603174604,0.8170024243872069,0.0896434322521279,0.10997628056323716,0.86
