stage,schedule,val_rank,cell,val_adaptation,test_adaptation,test_rank,ranked,crowned
aggregation,parallel,1,anchor_h2,0.918427,0.918806,3,8,no
aggregation,parallel,2,eta_0p95,0.917561,0.926255,1,8,no
aggregation,parallel,3,weight_q0,0.915635,0.919687,2,8,no
aggregation,cyclic,1,seq_fedavg,0.918509,0.919633,1,7,no
aggregation,cyclic,2,seq_delta_capped,0.917452,0.918705,4,7,no
aggregation,cyclic,3,seq_mix_r0p3,0.915683,0.915969,6,7,no
regularisation,parallel,1,logit_l2_lam0p001,0.925201,0.935559,1,13,no
regularisation,parallel,2,ntd_b0p01_t0p5,0.921326,0.926312,5,13,no
regularisation,parallel,5,hybrid_seq_mix0p5,0.916647,0.932716,3,13,no
regularisation,cyclic,1,ntd_b0p01_t2,0.926962,0.932902,3,13,no
regularisation,cyclic,2,hybrid_mix0p5,0.924100,0.916838,13,13,no
regularisation,cyclic,3,logit_l2_lam0p003,0.920380,0.937450,1,13,no
combination,parallel,1,anchor_h2_ntd_b0p01_t0p5,0.928850,0.934680,2,9,yes
combination,parallel,2,weight_q0_ntd_b0p01_t0p5,0.927909,0.926267,8,9,no
combination,parallel,3,eta_0p95_ntd_b0p01_t0p5,0.926027,0.931953,3,9,no
combination,cyclic,1,seq_fedavg_ntd_b0p01_t2,0.924227,0.935616,4,9,no
combination,cyclic,2,seq_delta_capped_ntd_b0p01_t2,0.924167,0.937499,1,9,no
combination,cyclic,3,seq_mix_r0p3_ntd_b0p01_t2,0.923297,0.932821,6,9,no
