writer,accuracy,rank,of,total_rows,classes_covered,ginit,class_0,class_1,class_2,class_3,class_4,class_5,class_6,class_7,class_8,class_9,f1_train,f1_val,f1_test,f2_train,f2_val,f2_test,f3_train,f3_val,f3_test,f4_train,f4_val,f4_test,f5_train,f5_val,f5_test
f3642_03,0.75,1,1074,72,10,0.9705882352941176,2,13,12,3,6,8,2,13,3,10,38,18,16,38,16,18,38,19,15,38,19,15,38,16,18
f2023_12,0.7835051546391752,2,1074,97,10,0.926829268292683,13,10,10,9,10,9,7,10,12,7,56,20,21,56,21,20,56,19,22,56,21,20,56,21,20
f1331_49,0.797979797979798,3,1074,99,10,0.9285714285714286,10,11,11,12,10,12,7,12,5,9,57,20,22,57,21,21,57,18,24,57,22,20,57,20,22
f2564_59,0.8076923076923077,4,1074,104,10,0.9318181818181818,15,11,10,12,12,9,10,13,10,2,60,23,21,60,23,21,60,21,23,60,23,21,60,20,24
f2230_67,0.819047619047619,5,1074,105,10,0.9555555555555556,10,10,11,7,13,10,12,12,7,13,60,22,23,60,20,25,60,23,22,60,24,21,60,23,22
f2145_89,0.8333333333333334,6,1074,96,10,0.9523809523809523,8,11,12,6,10,10,9,12,7,11,54,21,21,54,22,20,54,21,21,54,22,20,54,22,20
f2307_62,0.8380952380952381,7,1074,105,10,0.9090909090909091,10,12,9,10,10,9,11,14,10,10,61,23,21,61,23,21,61,21,23,61,22,22,61,23,21
f3211_20,0.8442622950819673,8,1074,122,10,0.9433962264150944,10,15,14,13,16,9,10,13,9,13,69,26,27,69,26,27,69,26,27,69,26,27,69,26,27
f3200_41,0.8467741935483871,9,1074,124,10,0.9444444444444444,13,14,13,12,12,13,13,12,10,12,70,27,27,70,26,28,70,27,27,70,27,27,70,28,26
f0048_00,0.85,10,1074,60,9,0.9642857142857143,8,8,5,0,7,4,8,11,4,5,32,14,14,32,13,15,32,14,14,32,14,14,32,14,14
