cohort,writer,rows,digit_rows,classes_present,min_per_class,max_per_class,missing
cohort10,f0048_00,131,60,9,0,11,3
cohort10,f1331_49,212,99,10,5,12,
cohort10,f2023_12,136,97,10,7,13,
cohort10,f2145_89,129,96,10,6,12,
cohort10,f2230_67,151,105,10,7,13,
cohort10,f2307_62,148,105,10,9,14,
cohort10,f2564_59,153,104,10,2,15,
cohort10,f3200_41,170,124,10,10,14,
cohort10,f3211_20,172,122,10,9,16,
cohort10,f3642_03,98,72,10,2,13,
cohort20,f0048_00,131,60,9,0,11,3
cohort20,f0719_05,282,63,10,4,9,
cohort20,f1209_31,79,24,9,0,6,5
cohort20,f1331_49,212,99,10,5,12,
cohort20,f2023_12,136,97,10,7,13,
cohort20,f2145_89,129,96,10,6,12,
cohort20,f2206_73,143,100,10,8,13,
cohort20,f2230_67,151,105,10,7,13,
cohort20,f2248_68,135,97,10,5,12,
cohort20,f2307_62,148,105,10,9,14,
cohort20,f2422_85,133,102,10,8,14,
cohort20,f2470_80,180,130,10,9,17,
cohort20,f2499_74,159,109,10,5,14,
cohort20,f2524_58,141,91,10,4,12,
cohort20,f2564_59,153,104,10,2,15,
cohort20,f2596_86,164,126,10,10,17,
cohort20,f3151_13,166,119,10,7,20,
cohort20,f3200_41,170,124,10,10,14,
cohort20,f3211_20,172,122,10,9,16,
cohort20,f3642_03,98,72,10,2,13,
cohort5,f1331_49,212,99,10,5,12,
cohort5,f2023_12,136,97,10,7,13,
cohort5,f2230_67,151,105,10,7,13,
cohort5,f2564_59,153,104,10,2,15,
cohort5,f3642_03,98,72,10,2,13,
