family,arm,minus,mean,sd,all_positive,folds,diffs
concurrent,anchor_h2_logit_l2_lam0p001,logit_l2_lam0p001,-0.1756,0.6767,0,1 2 3 4 5,0.6753 -0.2056 0.2362 -0.4940 -1.0898
concurrent,anchor_h2_hybrid_seq_mix0p5,hybrid_seq_mix0p5,-0.0861,1.3861,0,1 2 3 4 5,1.5456 -1.3089 -0.7117 -1.2252 1.2698
concurrent,anchor_h2_ntd_b0p01_t0p5,ntd_b0p01_t0p5,1.2101,0.5757,1,1 2 3 4 5,1.3275 1.1505 1.5382 0.2667 1.7675
concurrent,weight_q0_logit_l2_lam0p001,logit_l2_lam0p001,-0.5194,1.4627,0,1 2 3 4 5,0.9161 -1.3676 -2.5848 0.6780 -0.2389
concurrent,weight_q0_hybrid_seq_mix0p5,hybrid_seq_mix0p5,-0.5750,1.0978,0,1 2 3 4 5,0.0267 -2.1320 -0.7956 -0.7916 0.8176
concurrent,weight_q0_ntd_b0p01_t0p5,ntd_b0p01_t0p5,-0.0167,0.5475,0,1 2 3 4 5,-0.3819 0.5430 -0.0077 -0.7231 0.4864
concurrent,eta_0p95_logit_l2_lam0p001,logit_l2_lam0p001,0.1844,0.8194,0,1 2 3 4 5,1.3476 -0.7106 0.1143 -0.4184 0.5891
concurrent,eta_0p95_hybrid_seq_mix0p5,hybrid_seq_mix0p5,-0.3402,1.0907,0,1 2 3 4 5,0.3476 -2.0901 0.6339 0.0718 -0.6641
concurrent,eta_0p95_ntd_b0p01_t0p5,ntd_b0p01_t0p5,0.7720,0.4048,1,1 2 3 4 5,0.7284 0.2475 1.2184 1.1261 0.5397
sequential,seq_delta_capped_ntd_b0p01_t2,ntd_b0p01_t2,0.4384,0.8933,0,1 2 3 4 5,1.3437 0.5505 0.4588 -1.0348 0.8736
sequential,seq_delta_capped_hybrid_mix0p5,hybrid_mix0p5,0.2772,1.4300,0,1 2 3 4 5,1.7521 0.9906 -1.8044 -0.5365 0.9842
sequential,seq_delta_capped_logit_l2_lam0p003,logit_l2_lam0p003,-0.2026,1.0089,0,1 2 3 4 5,0.5342 0.5429 0.2514 -0.5028 -1.8386
sequential,seq_fedavg_ntd_b0p01_t2,ntd_b0p01_t2,0.3019,0.9435,0,1 2 3 4 5,-0.0038 0.7105 0.4169 -1.0843 1.4705
sequential,seq_fedavg_hybrid_mix0p5,hybrid_mix0p5,-0.1043,1.4115,0,1 2 3 4 5,1.7521 0.8650 -1.2771 -1.5794 -0.2818
sequential,seq_fedavg_logit_l2_lam0p003,logit_l2_lam0p003,-0.0354,0.2390,0,1 2 3 4 5,0.1525 -0.4476 0.0952 0.0419 -0.0190
sequential,seq_mix_r0p3_ntd_b0p01_t2,ntd_b0p01_t2,-0.0218,0.7064,0,1 2 3 4 5,0.0305 0.9793 -0.0228 -1.0157 -0.0800
sequential,seq_mix_r0p3_hybrid_mix0p5,hybrid_mix0p5,0.8006,0.9143,0,1 2 3 4 5,1.9932 0.9791 -0.5653 0.6882 0.9079
sequential,seq_mix_r0p3_logit_l2_lam0p003,logit_l2_lam0p003,-0.0128,1.1818,0,1 2 3 4 5,0.6067 -0.8534 0.5196 1.2745 -1.6114
