method,w=1,w=2,w=3,w=5,changed
concurrent/anchor,anchor_h2,anchor_h2,anchor_h2,anchor_h1,1
concurrent/eta,eta_0p95,eta_0p95,eta_0p95,eta_0p5,1
concurrent/fedadam,fedadam_lr0p001_tau1em06,fedadam_lr0p001_tau1em06,fedadam_lr0p001_tau0p0001,fedadam_lr1_tau1,1
concurrent/fedavgm,fedavgm_b0p3,fedavgm_b0p3,fedavgm_b0p2,fedavgm_b0,1
concurrent/fedyogi,fedyogi_lr0p001_tau1em08,fedyogi_lr0p001_tau0p0001,fedyogi_lr0p001_tau0p0001,fedyogi_lr0p001_tau0p001,1
concurrent/median,median,median,median,median,0
concurrent/trimmed,trimmed_t3,trimmed_t1,trimmed_t1,trimmed_t1,1
concurrent/weight_q,weight_q0,weight_q0,weight_q0,weight_q0,0
control/control_fedavg,control_fedavg,control_fedavg,control_fedavg,control_fedavg,0
control/control_fedavg_earlystop,control_fedavg_earlystop,control_fedavg_earlystop,control_fedavg_earlystop,control_fedavg_earlystop,0
sequential/seq_delta_capped,seq_delta_capped,seq_delta_capped,seq_delta_capped,seq_delta_capped,0
sequential/seq_delta_scaled,seq_delta_scaled,seq_delta_scaled,seq_delta_scaled,seq_delta_scaled,0
sequential/seq_equal,seq_equal,seq_equal,seq_equal,seq_equal,0
sequential/seq_fedavg,seq_fedavg,seq_fedavg,seq_fedavg,seq_fedavg,0
sequential/seq_incremental,seq_incremental,seq_incremental,seq_incremental,seq_incremental,0
sequential/seq_mix,seq_mix_r0p3,seq_mix_r0p3,seq_mix_r0p3,seq_mix_r0p5,1
sequential/seq_order,seq_order_shuffle,seq_order_shuffle,seq_order_shuffle,seq_order_shuffle,0
