writer,accuracy,rank,pool
f2146_84,0.8490566037735849,1,bad
f2230_67,0.8666666666666667,2,bad
f3642_03,0.8823529411764706,3,bad
f2564_59,0.8863636363636364,4,bad
f2422_85,0.8888888888888888,5,bad
f3195_04,0.8888888888888888,6,bad
f3613_20,0.8888888888888888,7,bad
f2248_68,0.9,8,bad
f2238_86,0.9038461538461539,9,bad
f2145_89,0.9047619047619048,10,bad
f2503_57,0.9074074074074074,11,bad
f3826_07,0.9090909090909091,12,bad
f2213_72,0.9107142857142857,13,bad
f1674_35,0.9117647058823529,14,bad
f1221_17,0.9142857142857143,15,bad
f3181_10,0.9166666666666666,16,bad
f2330_95,0.9183673469387755,17,bad
f2438_76,0.9230769230769231,18,bad
f3151_13,0.9230769230769231,19,bad
f2297_69,0.9245283018867925,20,bad
f3643_29,0.9245283018867925,21,bad
f0817_40,0.925,22,bad
f2524_58,0.925,23,bad
f2596_86,0.9259259259259259,24,bad
f0048_00,0.9285714285714286,25,bad
f0624_32,0.9285714285714286,26,bad
f0719_05,0.9285714285714286,27,bad
f1641_09,0.9285714285714286,28,bad
f3539_44,0.9298245614035088,29,bad
f1322_16,0.9310344827586207,30,bad
f2307_62,0.9318181818181818,31,bad
f2472_83,0.9318181818181818,32,bad
f0324_42,0.9333333333333333,33,bad
f1209_31,0.9333333333333333,34,bad
f2344_86,0.9333333333333333,35,bad
f0941_49,0.9354838709677419,36,bad
f2598_92,0.9361702127659575,37,bad
f3457_40,0.9375,38,bad
f2403_71,0.9387755102040817,39,bad
f2127_59,0.94,40,bad
f2250_52,0.9411764705882353,41,bad
f1526_31,0.9423076923076923,42,bad
f2150_52,0.9423076923076923,43,bad
f2319_77,0.9423076923076923,44,bad
f3463_16,0.9423076923076923,45,bad
f3121_43,0.9433962264150944,46,bad
f3737_46,0.9433962264150944,47,bad
f3240_48,0.9444444444444444,48,bad
f3309_37,0.9444444444444444,49,bad
f3557_12,0.9444444444444444,50,bad
f2377_66,0.9454545454545454,51,bad
f3572_03,0.9454545454545454,52,bad
f2370_67,0.9464285714285714,53,bad
f3171_30,0.9464285714285714,54,bad
f3462_15,0.9464285714285714,55,bad
f2158_68,0.9473684210526315,56,bad
f2566_51,0.9473684210526315,57,bad
f3156_26,0.9473684210526315,58,bad
f3220_48,0.9473684210526315,59,bad
f2110_56,0.9482758620689655,60,bad
f2164_60,0.9482758620689655,61,bad
f0474_10,0.9487179487179487,62,bad
f2232_76,0.9487179487179487,63,bad
f3439_44,0.9491525423728814,64,bad
f2322_80,0.95,65,bad
f1772_12,0.9512195121951219,66,bad
f2254_72,0.9523809523809523,67,bad
f0120_29,0.9545454545454546,68,bad
f0291_06,0.9545454545454546,69,bad
f2249_75,0.9545454545454546,70,bad
f2304_67,0.9545454545454546,71,bad
f0589_20,0.9555555555555556,72,bad
f0340_05,0.9565217391304348,73,bad
f0394_00,0.9565217391304348,74,bad
f2067_38,0.9565217391304348,75,bad
f3384_26,0.9565217391304348,76,bad
f0619_33,0.9583333333333334,77,bad
f2205_74,0.9583333333333334,78,bad
f2220_72,0.9583333333333334,79,bad
f3353_33,0.9583333333333334,80,bad
f0611_34,0.9591836734693877,81,bad
f1714_49,0.9591836734693877,82,bad
f2550_79,0.9591836734693877,83,bad
f3129_16,0.9591836734693877,84,bad
f3658_27,0.9591836734693877,85,bad
f3839_11,0.9591836734693877,86,bad
f0023_08,0.96,87,bad
f0131_03,0.96,88,bad
f0236_17,0.96,89,bad
f2219_62,0.96,90,bad
f2328_92,0.96,91,bad
f2352_97,0.96,92,bad
f2593_72,0.96,93,bad
f3293_30,0.96,94,bad
f0061_45,0.9607843137254902,95,bad
f0221_37,0.9607843137254902,96,bad
f1254_34,0.9607843137254902,97,bad
f2312_87,0.9607843137254902,98,bad
f2399_85,0.9607843137254902,99,bad
f3125_02,0.9607843137254902,100,bad
f3640_13,0.9607843137254902,101,bad
f0363_43,0.9615384615384616,102,bad
f2211_73,0.9615384615384616,103,bad
f2325_86,0.9615384615384616,104,bad
f2333_98,0.9615384615384616,105,bad
f2444_84,0.9615384615384616,106,bad
f2590_60,0.9615384615384616,107,bad
f3344_26,0.9615384615384616,108,bad
f3739_34,0.9615384615384616,109,bad
f2141_85,0.9622641509433962,110,bad
f2163_51,0.9622641509433962,111,bad
f3178_23,0.9622641509433962,112,bad
f3201_07,0.9622641509433962,113,bad
f3476_46,0.9622641509433962,114,bad
f3670_40,0.9622641509433962,115,bad
f0504_29,0.9629629629629629,116,bad
f0593_46,0.9629629629629629,117,bad
f1519_36,0.9629629629629629,118,bad
f1854_17,0.9629629629629629,119,bad
f2253_73,0.9629629629629629,120,bad
f2272_85,0.9629629629629629,121,bad
f2277_92,0.9629629629629629,122,bad
f2508_71,0.9629629629629629,123,bad
f2548_84,0.9629629629629629,124,bad
f2572_63,0.9629629629629629,125,bad
f3187_33,0.9629629629629629,126,bad
f3200_41,0.9629629629629629,127,bad
f3320_18,0.9629629629629629,128,bad
f3467_12,0.9629629629629629,129,bad
f4060_46,0.9629629629629629,130,bad
f0531_48,0.9636363636363636,131,bad
f2392_80,0.9636363636363636,132,bad
f3318_25,0.9636363636363636,133,bad
f3492_35,0.9636363636363636,134,bad
f3707_32,0.9636363636363636,135,bad
f0153_35,0.9642857142857143,136,bad
f0436_17,0.9642857142857143,137,bad
f1068_20,0.9642857142857143,138,bad
f1750_06,0.9642857142857143,139,bad
f2242_91,0.9642857142857143,140,bad
f0045_12,0.9649122807017544,141,bad
f0629_39,0.9649122807017544,142,bad
f2234_78,0.9649122807017544,143,bad
f3503_07,0.9649122807017544,144,bad
f3522_46,0.9649122807017544,145,bad
f0416_07,0.9655172413793104,146,bad
f2375_61,0.9655172413793104,147,bad
f3578_27,0.9655172413793104,148,bad
f2255_70,0.9661016949152542,149,bad
f2470_80,0.9661016949152542,150,bad
f3891_31,0.9661016949152542,151,bad
f0447_21,0.9666666666666667,152,bad
f1476_39,0.9666666666666667,153,bad
f0140_09,0.967741935483871,154,bad
f0232_28,0.967741935483871,155,bad
f1280_21,0.967741935483871,156,bad
f1348_27,0.967741935483871,157,bad
f1675_40,0.967741935483871,158,bad
f0790_06,0.96875,159,bad
f1384_42,0.9696969696969697,160,bad
f2077_16,0.9696969696969697,161,bad
f0990_06,0.9705882352941176,162,bad
f3296_35,0.9705882352941176,163,bad
f2080_34,0.9714285714285714,164,bad
f3797_07,0.9714285714285714,165,bad
f3901_45,0.9714285714285714,166,bad
f0067_25,0.9722222222222222,167,bad
f0915_03,0.9722222222222222,168,bad
f2559_95,0.9722222222222222,169,bad
f0269_21,0.972972972972973,170,bad
f2225_86,0.972972972972973,171,bad
f0452_37,0.9736842105263158,172,bad
f0553_03,0.9736842105263158,173,bad
f0642_27,0.9736842105263158,174,bad
f1307_25,0.9736842105263158,175,bad
f1898_09,0.9736842105263158,176,bad
f3920_08,0.9736842105263158,177,bad
f0727_27,0.9743589743589743,178,bad
f1085_29,0.9743589743589743,179,bad
f1245_39,0.9743589743589743,180,bad
f1672_35,0.9743589743589743,181,bad
f2043_25,0.9743589743589743,182,bad
f2153_90,0.9743589743589743,183,bad
f0972_43,0.975,184,bad
f1067_20,0.975,185,bad
f1438_26,0.975,186,bad
f2169_69,0.975,187,bad
f2199_64,0.975,188,bad
f0477_46,0.975609756097561,189,bad
f1066_29,0.975609756097561,190,bad
f1162_15,0.975609756097561,191,bad
f2309_54,0.975609756097561,192,bad
f0352_09,0.9761904761904762,193,bad
f0440_17,0.9761904761904762,194,bad
f0582_44,0.9761904761904762,195,bad
f0607_27,0.9761904761904762,196,bad
f1580_14,0.9761904761904762,197,bad
f3269_06,0.9761904761904762,198,bad
f0356_41,0.9767441860465116,199,bad
f0529_06,0.9767441860465116,200,bad
f0776_08,0.9767441860465116,201,bad
f0932_44,0.9767441860465116,202,bad
f0992_04,0.9767441860465116,203,bad
f1416_00,0.9767441860465116,204,bad
f2137_90,0.9767441860465116,205,bad
f2149_81,0.9767441860465116,206,bad
f2295_67,0.9767441860465116,207,bad
f2400_61,0.9767441860465116,208,bad
f2575_67,0.9767441860465116,209,bad
f3519_18,0.9767441860465116,210,bad
f0039_14,0.9772727272727273,211,bad
f0114_20,0.9772727272727273,212,bad
f0179_22,0.9772727272727273,213,bad
f0655_10,0.9772727272727273,214,bad
f0685_40,0.9772727272727273,215,bad
f0724_37,0.9772727272727273,216,bad
f0753_05,0.9772727272727273,217,bad
f0779_27,0.9772727272727273,218,bad
f0807_16,0.9772727272727273,219,bad
f2486_95,0.9772727272727273,220,bad
f3538_29,0.9772727272727273,221,bad
f3715_44,0.9772727272727273,222,bad
f4098_19,0.9772727272727273,223,bad
f0288_48,0.9777777777777777,224,bad
f0858_32,0.9777777777777777,225,bad
f0916_49,0.9777777777777777,226,bad
f1660_07,0.9777777777777777,227,bad
f1805_13,0.9777777777777777,228,bad
f1839_31,0.9777777777777777,229,bad
f2062_39,0.9777777777777777,230,bad
f2367_63,0.9777777777777777,231,bad
f2431_93,0.9777777777777777,232,bad
f2491_71,0.9777777777777777,233,bad
f0091_26,0.9782608695652174,234,bad
f0103_28,0.9782608695652174,235,bad
f0192_22,0.9782608695652174,236,bad
f0470_37,0.9782608695652174,237,bad
f0997_34,0.9782608695652174,238,bad
f2065_28,0.9782608695652174,239,bad
f2170_68,0.9782608695652174,240,bad
f3636_24,0.9782608695652174,241,bad
f4050_05,0.9782608695652174,242,bad
f0123_28,0.9787234042553191,243,bad
f0407_39,0.9787234042553191,244,bad
f0518_02,0.9787234042553191,245,bad
f1328_01,0.9787234042553191,246,bad
f1504_10,0.9787234042553191,247,bad
f1570_40,0.9787234042553191,248,bad
f1710_15,0.9787234042553191,249,bad
f1894_39,0.9787234042553191,250,bad
f2005_01,0.9787234042553191,251,bad
f2381_54,0.9787234042553191,252,bad
f2415_79,0.9787234042553191,253,bad
f3334_16,0.9787234042553191,254,bad
f3731_07,0.9787234042553191,255,bad
f0223_49,0.9791666666666666,256,bad
f0750_18,0.9791666666666666,257,bad
f0763_30,0.9791666666666666,258,bad
f2162_62,0.9791666666666666,259,bad
f2227_89,0.9791666666666666,260,bad
f2270_87,0.9791666666666666,261,bad
f2288_58,0.9791666666666666,262,bad
f2316_50,0.9791666666666666,263,bad
f2362_73,0.9791666666666666,264,bad
f2436_53,0.9791666666666666,265,bad
f2499_74,0.9791666666666666,266,bad
f3116_03,0.9791666666666666,267,bad
f3301_38,0.9791666666666666,268,bad
f3881_31,0.9791666666666666,269,bad
f4058_09,0.9791666666666666,270,bad
f0075_46,0.9795918367346939,271,bad
f0106_05,0.9795918367346939,272,bad
f0313_43,0.9795918367346939,273,bad
f0612_11,0.9795918367346939,274,bad
f0822_30,0.9795918367346939,275,bad
f1776_35,0.9795918367346939,276,bad
f1826_01,0.9795918367346939,277,bad
f1846_45,0.9795918367346939,278,bad
f2053_20,0.9795918367346939,279,bad
f2126_57,0.9795918367346939,280,bad
f2165_54,0.9795918367346939,281,bad
f2196_58,0.9795918367346939,282,bad
f2317_76,0.9795918367346939,283,bad
f2347_58,0.9795918367346939,284,bad
f2390_87,0.9795918367346939,285,bad
f2533_94,0.9795918367346939,286,bad
f3104_25,0.9795918367346939,287,bad
f3146_14,0.9795918367346939,288,bad
f3550_07,0.9795918367346939,289,bad
f3694_44,0.9795918367346939,290,bad
f3830_48,0.9795918367346939,291,bad
f0181_31,0.98,292,bad
f0235_17,0.98,293,bad
f0511_03,0.98,294,bad
f0683_02,0.98,295,bad
f0791_04,0.98,296,bad
f1496_39,0.98,297,bad
f1524_26,0.98,298,bad
f1668_08,0.98,299,bad
f1978_04,0.98,300,bad
f2001_42,0.98,301,bad
f2128_52,0.98,302,bad
f2222_84,0.98,303,bad
f2275_90,0.98,304,bad
f2552_82,0.98,305,bad
f3105_03,0.98,306,bad
f3233_02,0.98,307,bad
f3236_26,0.98,308,bad
f3295_35,0.98,309,bad
f3412_27,0.98,310,bad
f3566_36,0.98,311,bad
f3711_08,0.98,312,bad
f3956_26,0.98,313,bad
f4044_44,0.98,314,bad
f4093_35,0.98,315,bad
f0523_42,0.9803921568627451,316,bad
f0587_34,0.9803921568627451,317,bad
f0599_04,0.9803921568627451,318,bad
f0647_19,0.9803921568627451,319,bad
f1035_22,0.9803921568627451,320,bad
f1516_46,0.9803921568627451,321,bad
f1817_18,0.9803921568627451,322,bad
f1824_18,0.9803921568627451,323,bad
f1901_07,0.9803921568627451,324,bad
f1933_13,0.9803921568627451,325,bad
f1991_47,0.9803921568627451,326,bad
f2030_28,0.9803921568627451,327,bad
f2115_77,0.9803921568627451,328,bad
f2208_81,0.9803921568627451,329,bad
f2231_55,0.9803921568627451,330,bad
f2244_94,0.9803921568627451,331,bad
f2306_63,0.9803921568627451,332,bad
f2359_72,0.9803921568627451,333,bad
f2445_82,0.9803921568627451,334,bad
f3119_39,0.9803921568627451,335,bad
f3157_23,0.9803921568627451,336,bad
f3270_11,0.9803921568627451,337,bad
f3284_38,0.9803921568627451,338,bad
f3313_11,0.9803921568627451,339,bad
f3317_25,0.9803921568627451,340,bad
f3423_29,0.9803921568627451,341,bad
f3531_27,0.9803921568627451,342,bad
f3534_47,0.9803921568627451,343,bad
f3575_04,0.9803921568627451,344,bad
f3698_01,0.9803921568627451,345,bad
f3791_09,0.9803921568627451,346,bad
f3880_29,0.9803921568627451,347,bad
f3910_30,0.9803921568627451,348,bad
f3980_34,0.9803921568627451,349,bad
f4039_48,0.9803921568627451,350,bad
f4083_30,0.9803921568627451,351,bad
f4086_36,0.9803921568627451,352,bad
f0136_18,0.9807692307692307,353,bad
f0266_14,0.9807692307692307,354,bad
f0626_23,0.9807692307692307,355,bad
f0828_34,0.9807692307692307,356,bad
f0933_38,0.9807692307692307,357,bad
f0947_41,0.9807692307692307,358,bad
f1333_48,0.9807692307692307,359,bad
f1679_05,0.9807692307692307,360,bad
f2086_25,0.9807692307692307,361,bad
f2098_02,0.9807692307692307,362,bad
f2132_69,0.9807692307692307,363,bad
f2157_61,0.9807692307692307,364,bad
f2246_93,0.9807692307692307,365,bad
f2274_95,0.9807692307692307,366,bad
f2314_53,0.9807692307692307,367,bad
f2360_75,0.9807692307692307,368,bad
f2397_92,0.9807692307692307,369,bad
f2405_90,0.9807692307692307,370,bad
f2490_91,0.9807692307692307,371,bad
f2507_78,0.9807692307692307,372,bad
f2567_60,0.9807692307692307,373,bad
f2574_64,0.9807692307692307,374,bad
f2587_73,0.9807692307692307,375,bad
f2597_88,0.9807692307692307,376,bad
f3221_05,0.9807692307692307,377,bad
f3287_41,0.9807692307692307,378,bad
f3311_03,0.9807692307692307,379,bad
f3409_20,0.9807692307692307,380,bad
f3422_32,0.9807692307692307,381,bad
f3630_14,0.9807692307692307,382,bad
f3690_41,0.9807692307692307,383,bad
f3935_48,0.9807692307692307,384,bad
f4061_16,0.9807692307692307,385,bad
f0191_22,0.9811320754716981,386,bad
f0442_00,0.9811320754716981,387,bad
f0784_30,0.9811320754716981,388,bad
f0833_32,0.9811320754716981,389,bad
f1613_27,0.9811320754716981,390,bad
f1791_04,0.9811320754716981,391,bad
f2140_77,0.9811320754716981,392,bad
f2195_64,0.9811320754716981,393,bad
f2252_75,0.9811320754716981,394,bad
f2299_91,0.9811320754716981,395,bad
f2380_76,0.9811320754716981,396,bad
f2388_79,0.9811320754716981,397,bad
f2419_83,0.9811320754716981,398,bad
f2469_50,0.9811320754716981,399,bad
f2475_66,0.9811320754716981,400,bad
f2531_92,0.9811320754716981,401,bad
f2545_52,0.9811320754716981,402,bad
f3173_48,0.9811320754716981,403,bad
f3206_45,0.9811320754716981,404,bad
f3211_20,0.9811320754716981,405,bad
f3257_17,0.9811320754716981,406,bad
f3358_28,0.9811320754716981,407,bad
f3398_06,0.9811320754716981,408,bad
f3436_22,0.9811320754716981,409,bad
f3506_22,0.9811320754716981,410,bad
f3559_23,0.9811320754716981,411,bad
f3665_22,0.9811320754716981,412,bad
f4063_09,0.9811320754716981,413,bad
f0585_26,0.9814814814814815,414,bad
f0667_05,0.9814814814814815,415,bad
f0679_42,0.9814814814814815,416,bad
f0841_10,0.9814814814814815,417,bad
f1064_32,0.9814814814814815,418,bad
f1281_28,0.9814814814814815,419,bad
f1511_41,0.9814814814814815,420,bad
f1588_11,0.9814814814814815,421,bad
f1622_16,0.9814814814814815,422,bad
f2221_70,0.9814814814814815,423,bad
f2261_76,0.9814814814814815,424,bad
f2348_56,0.9814814814814815,425,bad
f2383_60,0.9814814814814815,426,bad
f2391_85,0.9814814814814815,427,bad
f2411_88,0.9814814814814815,428,bad
f2479_65,0.9814814814814815,429,bad
f2509_53,0.9814814814814815,430,bad
f2515_57,0.9814814814814815,431,bad
f3205_40,0.9814814814814815,432,bad
f3232_11,0.9814814814814815,433,bad
f3326_06,0.9814814814814815,434,bad
f3374_38,0.9814814814814815,435,bad
f3464_12,0.9814814814814815,436,bad
f3507_42,0.9814814814814815,437,bad
f3592_19,0.9814814814814815,438,bad
f3728_28,0.9814814814814815,439,bad
f0057_20,0.9818181818181818,440,bad
f0310_32,0.9818181818181818,441,bad
f0868_03,0.9818181818181818,442,bad
f1211_04,0.9818181818181818,443,bad
f1274_24,0.9818181818181818,444,bad
f1326_12,0.9818181818181818,445,bad
f1678_19,0.9818181818181818,446,bad
f2026_32,0.9818181818181818,447,bad
f2181_63,0.9818181818181818,448,bad
f2264_82,0.9818181818181818,449,bad
f2284_51,0.9818181818181818,450,bad
f2332_97,0.9818181818181818,451,bad
f2358_71,0.9818181818181818,452,bad
f2386_82,0.9818181818181818,453,bad
f2389_86,0.9818181818181818,454,bad
f2396_91,0.9818181818181818,455,bad
f2461_99,0.9818181818181818,456,bad
f2471_82,0.9818181818181818,457,bad
f2483_64,0.9818181818181818,458,bad
f2576_66,0.9818181818181818,459,bad
f3158_03,0.9818181818181818,460,bad
f3250_14,0.9818181818181818,461,bad
f3281_27,0.9818181818181818,462,bad
f3352_39,0.9818181818181818,463,bad
f3357_06,0.9818181818181818,464,bad
f3478_49,0.9818181818181818,465,bad
f3484_17,0.9818181818181818,466,bad
f3516_45,0.9818181818181818,467,bad
f3558_12,0.9818181818181818,468,bad
f3651_18,0.9818181818181818,469,bad
f3804_08,0.9818181818181818,470,bad
f3852_32,0.9818181818181818,471,bad
f3874_15,0.9818181818181818,472,bad
f3984_32,0.9818181818181818,473,bad
f0152_02,0.9821428571428571,474,bad
f0263_31,0.9821428571428571,475,bad
f0450_41,0.9821428571428571,476,bad
f0693_40,0.9821428571428571,477,bad
f0726_09,0.9821428571428571,478,bad
f1774_40,0.9821428571428571,479,bad
f2111_87,0.9821428571428571,480,bad
f2135_53,0.9821428571428571,481,bad
f2144_67,0.9821428571428571,482,bad
f2172_67,0.9821428571428571,483,bad
f2193_99,0.9821428571428571,484,bad
f2194_63,0.9821428571428571,485,bad
f2216_66,0.9821428571428571,486,bad
f2228_87,0.9821428571428571,487,bad
f2292_70,0.9821428571428571,488,bad
f2353_70,0.9821428571428571,489,bad
f2354_87,0.9821428571428571,490,bad
f2409_51,0.9821428571428571,491,bad
f2510_55,0.9821428571428571,492,bad
f2514_50,0.9821428571428571,493,bad
f2530_91,0.9821428571428571,494,bad
f2541_99,0.9821428571428571,495,bad
f2582_70,0.9821428571428571,496,bad
f3159_16,0.9821428571428571,497,bad
f3160_19,0.9821428571428571,498,bad
f3212_36,0.9821428571428571,499,bad
f3349_22,0.9821428571428571,500,bad
f3367_07,0.9821428571428571,501,bad
f3402_08,0.9821428571428571,502,bad
f3428_02,0.9821428571428571,503,bad
f3469_10,0.9821428571428571,504,bad
f3510_43,0.9821428571428571,505,bad
f3564_08,0.9821428571428571,506,bad
f3577_03,0.9821428571428571,507,bad
f3590_03,0.9821428571428571,508,bad
f3632_10,0.9821428571428571,509,bad
f3718_40,0.9821428571428571,510,bad
f3879_35,0.9821428571428571,511,bad
f3897_45,0.9821428571428571,512,bad
f3911_34,0.9821428571428571,513,bad
f4016_16,0.9821428571428571,514,bad
f4036_01,0.9821428571428571,515,bad
f4045_31,0.9821428571428571,516,bad
f1473_30,0.9824561403508771,517,bad
f2052_11,0.9824561403508771,518,bad
f2184_98,0.9824561403508771,519,bad
f2273_84,0.9824561403508771,520,bad
f2351_74,0.9824561403508771,521,bad
f2394_84,0.9824561403508771,522,bad
f2425_91,0.9824561403508771,523,bad
f2454_73,0.9824561403508771,524,bad
f2467_77,0.9824561403508771,525,bad
f2520_64,0.9824561403508771,526,bad
f2527_72,0.9824561403508771,527,bad
f2555_88,0.9824561403508771,528,bad
f2562_90,0.9824561403508771,529,bad
f3153_49,0.9824561403508771,530,bad
f3164_09,0.9824561403508771,531,bad
f3219_49,0.9824561403508771,532,bad
f3241_49,0.9824561403508771,533,bad
f3259_15,0.9824561403508771,534,bad
f3419_33,0.9824561403508771,535,bad
f3483_16,0.9824561403508771,536,bad
f3582_25,0.9824561403508771,537,bad
f3677_29,0.9824561403508771,538,bad
f3717_48,0.9824561403508771,539,bad
f3777_32,0.9824561403508771,540,bad
f3780_30,0.9824561403508771,541,bad
f3849_21,0.9824561403508771,542,bad
f3993_05,0.9824561403508771,543,bad
f0332_15,0.9827586206896551,544,bad
f2263_79,0.9827586206896551,545,bad
f2335_52,0.9827586206896551,546,bad
f2420_84,0.9827586206896551,547,bad
f2513_56,0.9827586206896551,548,bad
f3138_46,0.9827586206896551,549,bad
f3143_04,0.9827586206896551,550,bad
f3209_08,0.9827586206896551,551,bad
f3225_26,0.9827586206896551,552,bad
f3400_08,0.9827586206896551,553,bad
f3508_31,0.9827586206896551,554,bad
f3532_39,0.9827586206896551,555,bad
f2073_06,0.9830508474576272,556,bad
f2106_66,0.9830508474576272,557,bad
f2113_94,0.9830508474576272,558,bad
f2131_73,0.9830508474576272,559,bad
f2214_70,0.9830508474576272,560,bad
f2303_66,0.9830508474576272,561,bad
f2540_95,0.9830508474576272,562,bad
f2581_72,0.9830508474576272,563,bad
f3193_08,0.9830508474576272,564,bad
f3327_11,0.9830508474576272,565,bad
f3341_29,0.9830508474576272,566,bad
f3364_36,0.9830508474576272,567,bad
f3543_29,0.9830508474576272,568,bad
f3609_24,0.9830508474576272,569,bad
f3729_27,0.9830508474576272,570,bad
f3824_05,0.9830508474576272,571,bad
f0532_09,0.9833333333333333,572,bad
f2305_60,0.9833333333333333,573,bad
f2340_80,0.9833333333333333,574,bad
f3210_22,0.9833333333333333,575,bad
f3243_44,0.9833333333333333,576,bad
f3328_45,0.9833333333333333,577,bad
f3365_46,0.9833333333333333,578,bad
f3456_33,0.9833333333333333,579,bad
f3611_14,0.9833333333333333,580,bad
f3861_21,0.9833333333333333,581,bad
f0000_14,1.0,582,bad
f0001_41,1.0,583,bad
f0002_01,1.0,584,bad
f0003_42,1.0,585,bad
f0004_09,1.0,586,bad
f0005_26,1.0,587,bad
f0006_12,1.0,588,bad
f0007_14,1.0,589,bad
f0008_45,1.0,590,bad
f0009_06,1.0,591,bad
f0010_18,1.0,592,bad
f0011_13,1.0,593,bad
f0012_39,1.0,594,bad
f0013_38,1.0,595,bad
f0014_19,1.0,596,bad
f0015_48,1.0,597,bad
f0016_39,1.0,598,bad
f0017_07,1.0,599,bad
f0018_13,1.0,600,bad
f0019_38,1.0,601,bad
f0020_08,1.0,602,bad
f0021_34,1.0,603,bad
f0022_10,1.0,604,bad
f0024_24,1.0,605,bad
f0025_13,1.0,606,bad
f0026_17,1.0,607,bad
f0027_29,1.0,608,bad
f0028_05,1.0,609,bad
f0029_05,1.0,610,bad
f0030_12,1.0,611,bad
f0031_02,1.0,612,bad
f0032_27,1.0,613,bad
f0033_49,1.0,614,bad
f0034_08,1.0,615,bad
f0035_19,1.0,616,bad
f0036_39,1.0,617,bad
f0037_16,1.0,618,bad
f0038_42,1.0,619,bad
f0040_25,1.0,620,bad
f0041_30,1.0,621,bad
f0042_43,1.0,622,bad
f0043_10,1.0,623,bad
f0044_12,1.0,624,bad
f0046_20,1.0,625,bad
f0047_00,1.0,626,bad
f0049_32,1.0,627,bad
f0050_10,1.0,628,bad
f0051_42,1.0,629,bad
f0052_42,1.0,630,bad
f0053_23,1.0,631,bad
f0054_14,1.0,632,bad
f0055_09,1.0,633,bad
f0056_01,1.0,634,bad
f0058_07,1.0,635,bad
f0059_21,1.0,636,bad
f0060_43,1.0,637,bad
f0062_25,1.0,638,bad
f0063_38,1.0,639,bad
f0064_04,1.0,640,bad
f0065_00,1.0,641,bad
f0066_37,1.0,642,bad
f0068_00,1.0,643,bad
f0069_14,1.0,644,bad
f0070_14,1.0,645,bad
f0071_21,1.0,646,bad
f0072_36,1.0,647,bad
f0073_45,1.0,648,bad
f0074_07,1.0,649,bad
f0076_06,1.0,650,bad
f0077_13,1.0,651,bad
f0078_48,1.0,652,bad
f0079_06,1.0,653,bad
f0080_14,1.0,654,bad
f0081_26,1.0,655,bad
f0082_40,1.0,656,bad
f0083_09,1.0,657,bad
f0084_19,1.0,658,bad
f0085_01,1.0,659,bad
f0086_47,1.0,660,bad
f0087_24,1.0,661,bad
f0088_22,1.0,662,bad
f0089_16,1.0,663,bad
f0090_10,1.0,664,bad
f0092_16,1.0,665,bad
f0093_24,1.0,666,bad
f0094_41,1.0,667,bad
f0095_41,1.0,668,bad
f0096_45,1.0,669,bad
f0097_05,1.0,670,bad
f0098_33,1.0,671,bad
f0099_18,1.0,672,bad
f0100_42,1.0,673,bad
f0101_44,1.0,674,bad
f0102_31,1.0,675,bad
f0104_43,1.0,676,bad
f0105_03,1.0,677,bad
f0107_06,1.0,678,bad
f0108_12,1.0,679,bad
f0109_19,1.0,680,bad
f0110_48,1.0,681,bad
f0111_36,1.0,682,bad
f0112_07,1.0,683,bad
f0113_31,1.0,684,bad
f0115_34,1.0,685,bad
f0116_23,1.0,686,bad
f0117_11,1.0,687,bad
f0118_07,1.0,688,bad
f0119_44,1.0,689,bad
f0121_11,1.0,690,bad
f0122_45,1.0,691,bad
f0124_11,1.0,692,bad
f0125_02,1.0,693,bad
f0126_41,1.0,694,bad
f0127_07,1.0,695,bad
f0128_00,1.0,696,bad
f0129_32,1.0,697,bad
f0130_28,1.0,698,bad
f0132_17,1.0,699,bad
f0133_23,1.0,700,bad
f0134_33,1.0,701,bad
f0135_03,1.0,702,bad
f0137_14,1.0,703,bad
f0138_30,1.0,704,bad
f0139_23,1.0,705,bad
f0141_43,1.0,706,bad
f0142_39,1.0,707,bad
f0143_00,1.0,708,bad
f0144_05,1.0,709,bad
f0145_33,1.0,710,bad
f0146_33,1.0,711,bad
f0147_13,1.0,712,bad
f0148_21,1.0,713,bad
f0149_15,1.0,714,bad
f0150_25,1.0,715,bad
f0151_02,1.0,716,bad
f0154_34,1.0,717,bad
f0155_13,1.0,718,bad
f0156_09,1.0,719,bad
f0157_12,1.0,720,bad
f0158_20,1.0,721,bad
f0159_14,1.0,722,bad
f0160_11,1.0,723,bad
f0161_16,1.0,724,bad
f0162_02,1.0,725,bad
f0163_13,1.0,726,bad
f0164_32,1.0,727,bad
f0165_04,1.0,728,bad
f0166_12,1.0,729,bad
f0167_33,1.0,730,bad
f0168_36,1.0,731,bad
f0169_09,1.0,732,bad
f0170_40,1.0,733,bad
f0171_26,1.0,734,bad
f0172_40,1.0,735,bad
f0173_00,1.0,736,bad
f0174_06,1.0,737,bad
f0175_47,1.0,738,bad
f0176_30,1.0,739,bad
f0177_16,1.0,740,bad
f0178_39,1.0,741,bad
f0180_29,1.0,742,bad
f0182_29,1.0,743,bad
f0183_22,1.0,744,bad
f0184_49,1.0,745,bad
f0185_23,1.0,746,bad
f0186_14,1.0,747,bad
f0187_18,1.0,748,bad
f0188_36,1.0,749,bad
f0189_49,1.0,750,bad
f0190_12,1.0,751,bad
f0193_48,1.0,752,bad
f0194_30,1.0,753,bad
f0195_27,1.0,754,bad
f0196_10,1.0,755,bad
f0197_34,1.0,756,bad
f0198_18,1.0,757,bad
f0199_01,1.0,758,bad
f0200_38,1.0,759,bad
f0201_34,1.0,760,bad
f0202_09,1.0,761,bad
f0203_21,1.0,762,bad
f0204_21,1.0,763,bad
f0205_15,1.0,764,bad
f0206_38,1.0,765,bad
f0207_46,1.0,766,bad
f0208_05,1.0,767,bad
f0209_30,1.0,768,bad
f0210_17,1.0,769,bad
f0211_26,1.0,770,bad
f0212_24,1.0,771,bad
f0213_49,1.0,772,bad
f0214_05,1.0,773,bad
f0215_32,1.0,774,bad
f0216_26,1.0,775,bad
f0217_16,1.0,776,bad
f0218_04,1.0,777,bad
f0219_48,1.0,778,bad
f0220_49,1.0,779,bad
f0222_06,1.0,780,bad
f0224_06,1.0,781,bad
f0225_20,1.0,782,bad
f0226_08,1.0,783,bad
f0227_27,1.0,784,bad
f0228_36,1.0,785,bad
f0229_10,1.0,786,bad
f0230_04,1.0,787,bad
f0231_43,1.0,788,bad
f0233_14,1.0,789,bad
f0234_16,1.0,790,bad
f0237_46,1.0,791,bad
f0238_02,1.0,792,bad
f0239_15,1.0,793,bad
f0240_02,1.0,794,bad
f0241_46,1.0,795,bad
f0242_22,1.0,796,bad
f0243_29,1.0,797,bad
f0244_47,1.0,798,bad
f0245_40,1.0,799,bad
f0246_12,1.0,800,bad
f0247_12,1.0,801,bad
f0248_43,1.0,802,bad
f0249_46,1.0,803,bad
f0250_37,1.0,804,bad
f0251_00,1.0,805,bad
f0252_30,1.0,806,bad
f0253_40,1.0,807,bad
f0254_46,1.0,808,bad
f0255_48,1.0,809,bad
f0256_08,1.0,810,bad
f0257_46,1.0,811,bad
f0258_41,1.0,812,bad
f0259_41,1.0,813,bad
f0260_38,1.0,814,bad
f0261_06,1.0,815,bad
f0262_15,1.0,816,bad
f0264_18,1.0,817,bad
f0265_39,1.0,818,bad
f0267_24,1.0,819,bad
f0268_19,1.0,820,bad
f0270_23,1.0,821,bad
f0271_05,1.0,822,bad
f0272_13,1.0,823,bad
f0273_27,1.0,824,bad
f0274_49,1.0,825,bad
f0275_17,1.0,826,bad
f0276_07,1.0,827,bad
f0277_33,1.0,828,bad
f0278_07,1.0,829,bad
f0279_03,1.0,830,bad
f0280_20,1.0,831,bad
f0281_47,1.0,832,bad
f0282_04,1.0,833,bad
f0283_31,1.0,834,bad
f0284_34,1.0,835,bad
f0285_23,1.0,836,bad
f0286_16,1.0,837,bad
f0287_15,1.0,838,bad
f0289_10,1.0,839,bad
f0290_29,1.0,840,bad
f0292_16,1.0,841,bad
f0293_40,1.0,842,bad
f0294_18,1.0,843,bad
f0295_17,1.0,844,bad
f0296_20,1.0,845,bad
f0297_05,1.0,846,bad
f0298_13,1.0,847,bad
f0299_33,1.0,848,bad
f0300_24,1.0,849,bad
f0301_33,1.0,850,bad
f0302_47,1.0,851,bad
f0303_00,1.0,852,bad
f0304_23,1.0,853,bad
f0305_08,1.0,854,bad
f0306_35,1.0,855,bad
f0307_12,1.0,856,bad
f0308_10,1.0,857,bad
f0309_42,1.0,858,bad
f0311_48,1.0,859,bad
f0312_43,1.0,860,bad
f0314_27,1.0,861,bad
f0315_31,1.0,862,bad
f0316_21,1.0,863,bad
f0317_44,1.0,864,bad
f0318_44,1.0,865,bad
f0319_32,1.0,866,bad
f0320_41,1.0,867,bad
f0321_36,1.0,868,bad
f0322_19,1.0,869,bad
f0323_17,1.0,870,bad
f0325_17,1.0,871,bad
f0326_35,1.0,872,bad
f0327_43,1.0,873,bad
f0328_12,1.0,874,bad
f0329_34,1.0,875,bad
f0330_09,1.0,876,bad
f0331_41,1.0,877,bad
f0333_01,1.0,878,bad
f0334_01,1.0,879,bad
f0335_14,1.0,880,bad
f0336_37,1.0,881,bad
f0337_24,1.0,882,bad
f0338_35,1.0,883,bad
f0339_11,1.0,884,bad
f0341_00,1.0,885,bad
f0342_31,1.0,886,bad
f0343_35,1.0,887,bad
f0344_25,1.0,888,bad
f0345_23,1.0,889,bad
f0346_40,1.0,890,bad
f0347_04,1.0,891,bad
f0348_46,1.0,892,bad
f0349_40,1.0,893,bad
f0350_03,1.0,894,bad
f0351_22,1.0,895,bad
f0353_18,1.0,896,bad
f0354_10,1.0,897,bad
f0355_32,1.0,898,bad
f0357_21,1.0,899,bad
f0358_32,1.0,900,bad
f0359_05,1.0,901,bad
f0360_15,1.0,902,bad
f0361_07,1.0,903,bad
f0362_44,1.0,904,bad
f0364_10,1.0,905,bad
f0365_07,1.0,906,bad
f0366_08,1.0,907,bad
f0367_33,1.0,908,bad
f0368_39,1.0,909,bad
f0369_34,1.0,910,bad
f0370_20,1.0,911,bad
f0371_24,1.0,912,bad
f0372_33,1.0,913,bad
f0373_35,1.0,914,bad
f0374_13,1.0,915,bad
f0375_07,1.0,916,bad
f0376_05,1.0,917,bad
f0377_25,1.0,918,bad
f0378_12,1.0,919,bad
f0379_10,1.0,920,bad
f0380_37,1.0,921,bad
f0381_28,1.0,922,bad
f0382_03,1.0,923,bad
f0383_43,1.0,924,bad
f0384_36,1.0,925,bad
f0385_18,1.0,926,bad
f0386_15,1.0,927,bad
f0387_49,1.0,928,bad
f0388_26,1.0,929,bad
f0389_38,1.0,930,bad
f0390_33,1.0,931,bad
f0391_32,1.0,932,bad
f0392_15,1.0,933,bad
f0393_18,1.0,934,bad
f0395_15,1.0,935,bad
f0396_05,1.0,936,bad
f0397_27,1.0,937,bad
f0398_37,1.0,938,bad
f0399_44,1.0,939,bad
f0400_25,1.0,940,bad
f0401_11,1.0,941,bad
f0402_38,1.0,942,bad
f0403_29,1.0,943,bad
f0404_33,1.0,944,bad
f0405_20,1.0,945,bad
f0406_00,1.0,946,bad
f0408_03,1.0,947,bad
f0409_49,1.0,948,bad
f0410_43,1.0,949,bad
f0411_01,1.0,950,bad
f0412_26,1.0,951,bad
f0413_09,1.0,952,bad
f0414_22,1.0,953,bad
f0415_28,1.0,954,bad
f0417_44,1.0,955,bad
f0418_21,1.0,956,bad
f0419_29,1.0,957,bad
f0420_19,1.0,958,bad
f0421_33,1.0,959,bad
f0422_45,1.0,960,bad
f0423_04,1.0,961,bad
f0424_27,1.0,962,bad
f0425_42,1.0,963,bad
f0426_47,1.0,964,bad
f0427_40,1.0,965,bad
f0428_41,1.0,966,bad
f0429_13,1.0,967,bad
f0430_02,1.0,968,bad
f0431_36,1.0,969,bad
f0432_28,1.0,970,bad
f0433_14,1.0,971,bad
f0434_21,1.0,972,bad
f0435_37,1.0,973,bad
f0437_05,1.0,974,bad
f0438_19,1.0,975,bad
f0439_08,1.0,976,bad
f0441_00,1.0,977,bad
f0443_21,1.0,978,bad
f0444_34,1.0,979,bad
f0445_46,1.0,980,bad
f0446_03,1.0,981,bad
f0448_39,1.0,982,bad
f0449_22,1.0,983,bad
f0451_44,1.0,984,bad
f0453_45,1.0,985,bad
f0454_20,1.0,986,bad
f0455_26,1.0,987,bad
f0456_45,1.0,988,bad
f0457_13,1.0,989,bad
f0458_38,1.0,990,bad
f0459_12,1.0,991,bad
f0460_02,1.0,992,bad
f0461_47,1.0,993,bad
f0462_07,1.0,994,bad
f0463_09,1.0,995,bad
f0464_48,1.0,996,bad
f0465_42,1.0,997,bad
f0466_11,1.0,998,bad
f0467_18,1.0,999,bad
f0468_24,1.0,1000,bad
f0469_20,1.0,1001,bad
f0471_15,1.0,1002,bad
f0472_36,1.0,1003,bad
f0473_21,1.0,1004,bad
f0475_47,1.0,1005,bad
f0476_07,1.0,1006,bad
f0478_10,1.0,1007,bad
f0479_35,1.0,1008,bad
f0480_41,1.0,1009,bad
f0481_47,1.0,1010,bad
f0482_06,1.0,1011,bad
f0483_42,1.0,1012,bad
f0484_46,1.0,1013,bad
f0485_45,1.0,1014,bad
f0486_05,1.0,1015,bad
f0487_42,1.0,1016,bad
f0488_39,1.0,1017,bad
f0489_49,1.0,1018,bad
f0490_13,1.0,1019,bad
f0491_35,1.0,1020,bad
f0492_08,1.0,1021,bad
f0493_05,1.0,1022,bad
f0494_20,1.0,1023,bad
f0495_04,1.0,1024,bad
f0496_09,1.0,1025,bad
f0497_00,1.0,1026,bad
f0498_06,1.0,1027,bad
f0499_10,1.0,1028,bad
f0500_38,1.0,1029,bad
f0501_06,1.0,1030,bad
f0502_09,1.0,1031,bad
f0503_44,1.0,1032,bad
f0505_13,1.0,1033,bad
f0506_18,1.0,1034,bad
f0507_19,1.0,1035,bad
f0508_20,1.0,1036,bad
f0509_28,1.0,1037,bad
f0510_47,1.0,1038,bad
f0512_15,1.0,1039,bad
f0513_18,1.0,1040,bad
f0514_14,1.0,1041,bad
f0515_18,1.0,1042,bad
f0516_45,1.0,1043,bad
f0517_23,1.0,1044,bad
f0519_46,1.0,1045,bad
f0520_25,1.0,1046,bad
f0521_14,1.0,1047,bad
f0522_38,1.0,1048,bad
f0524_04,1.0,1049,bad
f0525_15,1.0,1050,bad
f0526_22,1.0,1051,bad
f0527_23,1.0,1052,bad
f0528_49,1.0,1053,bad
f0530_15,1.0,1054,bad
f0533_32,1.0,1055,bad
f0534_00,1.0,1056,bad
f0535_19,1.0,1057,bad
f0536_45,1.0,1058,bad
f0537_35,1.0,1059,bad
f0538_03,1.0,1060,bad
f0539_34,1.0,1061,bad
f0540_22,1.0,1062,bad
f0541_47,1.0,1063,bad
f0542_10,1.0,1064,bad
f0543_19,1.0,1065,bad
f0544_05,1.0,1066,bad
f0545_49,1.0,1067,bad
f0546_38,1.0,1068,bad
f0547_28,1.0,1069,bad
f0548_49,1.0,1070,bad
f0549_39,1.0,1071,bad
f0550_24,1.0,1072,bad
f0551_15,1.0,1073,bad
f0552_46,1.0,1074,bad
f0554_17,1.0,1075,good
f0555_35,1.0,1076,good
f0556_25,1.0,1077,good
f0557_33,1.0,1078,good
f0558_01,1.0,1079,good
f0559_18,1.0,1080,good
f0560_16,1.0,1081,good
f0561_12,1.0,1082,good
f0562_31,1.0,1083,good
f0563_12,1.0,1084,good
f0564_43,1.0,1085,good
f0565_03,1.0,1086,good
f0566_02,1.0,1087,good
f0567_25,1.0,1088,good
f0568_00,1.0,1089,good
f0569_42,1.0,1090,good
f0570_31,1.0,1091,good
f0571_24,1.0,1092,good
f0572_15,1.0,1093,good
f0573_31,1.0,1094,good
f0574_03,1.0,1095,good
f0575_25,1.0,1096,good
f0576_01,1.0,1097,good
f0577_19,1.0,1098,good
f0578_14,1.0,1099,good
f0579_26,1.0,1100,good
f0580_29,1.0,1101,good
f0581_30,1.0,1102,good
f0583_26,1.0,1103,good
f0584_22,1.0,1104,good
f0586_11,1.0,1105,good
f0588_19,1.0,1106,good
f0590_06,1.0,1107,good
f0591_27,1.0,1108,good
f0592_11,1.0,1109,good
f0594_00,1.0,1110,good
f0595_35,1.0,1111,good
f0596_26,1.0,1112,good
f0597_00,1.0,1113,good
f0598_49,1.0,1114,good
f0600_06,1.0,1115,good
f0601_32,1.0,1116,good
f0602_16,1.0,1117,good
f0603_11,1.0,1118,good
f0604_11,1.0,1119,good
f0605_00,1.0,1120,good
f0606_11,1.0,1121,good
f0608_06,1.0,1122,good
f0609_12,1.0,1123,good
f0610_38,1.0,1124,good
f0613_28,1.0,1125,good
f0614_14,1.0,1126,good
f0615_00,1.0,1127,good
f0616_04,1.0,1128,good
f0617_30,1.0,1129,good
f0618_44,1.0,1130,good
f0620_49,1.0,1131,good
f0621_33,1.0,1132,good
f0622_25,1.0,1133,good
f0623_37,1.0,1134,good
f0625_26,1.0,1135,good
f0627_14,1.0,1136,good
f0628_05,1.0,1137,good
f0630_16,1.0,1138,good
f0631_03,1.0,1139,good
f0632_45,1.0,1140,good
f0633_18,1.0,1141,good
f0634_01,1.0,1142,good
f0635_33,1.0,1143,good
f0636_12,1.0,1144,good
f0637_21,1.0,1145,good
f0638_07,1.0,1146,good
f0639_24,1.0,1147,good
f0640_19,1.0,1148,good
f0641_22,1.0,1149,good
f0643_23,1.0,1150,good
f0644_19,1.0,1151,good
f0645_45,1.0,1152,good
f0646_22,1.0,1153,good
f0648_23,1.0,1154,good
f0649_22,1.0,1155,good
f0650_31,1.0,1156,good
f0651_45,1.0,1157,good
f0652_30,1.0,1158,good
f0653_02,1.0,1159,good
f0654_02,1.0,1160,good
f0656_11,1.0,1161,good
f0657_41,1.0,1162,good
f0658_30,1.0,1163,good
f0659_24,1.0,1164,good
f0660_10,1.0,1165,good
f0661_44,1.0,1166,good
f0662_29,1.0,1167,good
f0663_30,1.0,1168,good
f0664_26,1.0,1169,good
f0665_47,1.0,1170,good
f0666_20,1.0,1171,good
f0668_31,1.0,1172,good
f0669_11,1.0,1173,good
f0670_02,1.0,1174,good
f0671_18,1.0,1175,good
f0672_28,1.0,1176,good
f0673_28,1.0,1177,good
f0674_44,1.0,1178,good
f0675_24,1.0,1179,good
f0676_08,1.0,1180,good
f0677_30,1.0,1181,good
f0678_26,1.0,1182,good
f0680_28,1.0,1183,good
f0681_47,1.0,1184,good
f0682_48,1.0,1185,good
f0684_13,1.0,1186,good
f0686_09,1.0,1187,good
f0687_43,1.0,1188,good
f0688_09,1.0,1189,good
f0689_06,1.0,1190,good
f0690_26,1.0,1191,good
f0691_00,1.0,1192,good
f0692_03,1.0,1193,good
f0694_49,1.0,1194,good
f0695_31,1.0,1195,good
f0696_13,1.0,1196,good
f0697_31,1.0,1197,good
f0698_45,1.0,1198,good
f0699_19,1.0,1199,good
f0700_20,1.0,1200,good
f0701_21,1.0,1201,good
f0702_46,1.0,1202,good
f0703_11,1.0,1203,good
f0704_31,1.0,1204,good
f0705_35,1.0,1205,good
f0706_13,1.0,1206,good
f0707_44,1.0,1207,good
f0708_14,1.0,1208,good
f0709_40,1.0,1209,good
f0710_08,1.0,1210,good
f0711_11,1.0,1211,good
f0712_09,1.0,1212,good
f0713_17,1.0,1213,good
f0714_32,1.0,1214,good
f0715_08,1.0,1215,good
f0716_15,1.0,1216,good
f0717_46,1.0,1217,good
f0718_13,1.0,1218,good
f0720_38,1.0,1219,good
f0721_31,1.0,1220,good
f0722_29,1.0,1221,good
f0723_20,1.0,1222,good
f0725_46,1.0,1223,good
f0728_14,1.0,1224,good
f0729_08,1.0,1225,good
f0730_41,1.0,1226,good
f0731_05,1.0,1227,good
f0732_46,1.0,1228,good
f0733_34,1.0,1229,good
f0734_39,1.0,1230,good
f0735_17,1.0,1231,good
f0736_38,1.0,1232,good
f0737_49,1.0,1233,good
f0738_13,1.0,1234,good
f0739_42,1.0,1235,good
f0740_43,1.0,1236,good
f0741_44,1.0,1237,good
f0742_09,1.0,1238,good
f0743_31,1.0,1239,good
f0744_23,1.0,1240,good
f0745_35,1.0,1241,good
f0746_28,1.0,1242,good
f0747_24,1.0,1243,good
f0748_15,1.0,1244,good
f0749_12,1.0,1245,good
f0751_28,1.0,1246,good
f0752_25,1.0,1247,good
f0754_01,1.0,1248,good
f0755_46,1.0,1249,good
f0756_22,1.0,1250,good
f0757_24,1.0,1251,good
f0758_07,1.0,1252,good
f0759_41,1.0,1253,good
f0760_23,1.0,1254,good
f0761_10,1.0,1255,good
f0762_20,1.0,1256,good
f0764_08,1.0,1257,good
f0765_33,1.0,1258,good
f0766_01,1.0,1259,good
f0767_25,1.0,1260,good
f0768_20,1.0,1261,good
f0769_14,1.0,1262,good
f0770_45,1.0,1263,good
f0771_13,1.0,1264,good
f0772_14,1.0,1265,good
f0773_10,1.0,1266,good
f0774_40,1.0,1267,good
f0775_24,1.0,1268,good
f0777_12,1.0,1269,good
f0778_20,1.0,1270,good
f0780_06,1.0,1271,good
f0781_31,1.0,1272,good
f0782_49,1.0,1273,good
f0783_27,1.0,1274,good
f0786_07,1.0,1275,good
f0787_21,1.0,1276,good
f0788_34,1.0,1277,good
f0789_10,1.0,1278,good
f0792_07,1.0,1279,good
f0793_02,1.0,1280,good
f0794_31,1.0,1281,good
f0795_37,1.0,1282,good
f0796_08,1.0,1283,good
f0797_22,1.0,1284,good
f0798_05,1.0,1285,good
f0799_13,1.0,1286,good
f0800_00,1.0,1287,good
f0801_25,1.0,1288,good
f0803_40,1.0,1289,good
f0804_00,1.0,1290,good
f0805_48,1.0,1291,good
f0806_09,1.0,1292,good
f0808_46,1.0,1293,good
f0809_16,1.0,1294,good
f0810_40,1.0,1295,good
f0811_49,1.0,1296,good
f0812_32,1.0,1297,good
f0813_02,1.0,1298,good
f0814_03,1.0,1299,good
f0815_12,1.0,1300,good
f0816_18,1.0,1301,good
f0818_03,1.0,1302,good
f0819_13,1.0,1303,good
f0820_47,1.0,1304,good
f0821_44,1.0,1305,good
f0823_19,1.0,1306,good
f0824_18,1.0,1307,good
f0825_23,1.0,1308,good
f0826_18,1.0,1309,good
f0827_09,1.0,1310,good
f0829_00,1.0,1311,good
f0830_45,1.0,1312,good
f0831_15,1.0,1313,good
f0832_40,1.0,1314,good
f0834_03,1.0,1315,good
f0835_08,1.0,1316,good
f0836_28,1.0,1317,good
f0837_08,1.0,1318,good
f0838_49,1.0,1319,good
f0839_37,1.0,1320,good
f0840_37,1.0,1321,good
f0842_22,1.0,1322,good
f0843_06,1.0,1323,good
f0844_42,1.0,1324,good
f0845_22,1.0,1325,good
f0846_32,1.0,1326,good
f0847_06,1.0,1327,good
f0848_42,1.0,1328,good
f0849_38,1.0,1329,good
f0850_30,1.0,1330,good
f0851_41,1.0,1331,good
f0852_40,1.0,1332,good
f0853_05,1.0,1333,good
f0854_12,1.0,1334,good
f0855_46,1.0,1335,good
f0856_23,1.0,1336,good
f0857_21,1.0,1337,good
f0859_01,1.0,1338,good
f0860_21,1.0,1339,good
f0861_29,1.0,1340,good
f0862_25,1.0,1341,good
f0863_41,1.0,1342,good
f0864_41,1.0,1343,good
f0865_24,1.0,1344,good
f0866_22,1.0,1345,good
f0867_28,1.0,1346,good
f0869_20,1.0,1347,good
f0870_31,1.0,1348,good
f0871_23,1.0,1349,good
f0872_30,1.0,1350,good
f0873_42,1.0,1351,good
f0874_26,1.0,1352,good
f0875_02,1.0,1353,good
f0876_43,1.0,1354,good
f0877_17,1.0,1355,good
f0878_21,1.0,1356,good
f0879_35,1.0,1357,good
f0880_16,1.0,1358,good
f0881_03,1.0,1359,good
f0882_28,1.0,1360,good
f0883_14,1.0,1361,good
f0884_29,1.0,1362,good
f0885_39,1.0,1363,good
f0886_40,1.0,1364,good
f0887_39,1.0,1365,good
f0888_25,1.0,1366,good
f0889_48,1.0,1367,good
f0890_35,1.0,1368,good
f0891_44,1.0,1369,good
f0892_23,1.0,1370,good
f0893_25,1.0,1371,good
f0894_09,1.0,1372,good
f0895_48,1.0,1373,good
f0896_44,1.0,1374,good
f0897_19,1.0,1375,good
f0898_29,1.0,1376,good
f0899_05,1.0,1377,good
f0900_42,1.0,1378,good
f0901_39,1.0,1379,good
f0902_17,1.0,1380,good
f0903_42,1.0,1381,good
f0904_04,1.0,1382,good
f0905_43,1.0,1383,good
f0906_29,1.0,1384,good
f0907_00,1.0,1385,good
f0908_25,1.0,1386,good
f0909_04,1.0,1387,good
f0910_22,1.0,1388,good
f0911_02,1.0,1389,good
f0912_01,1.0,1390,good
f0913_31,1.0,1391,good
f0914_27,1.0,1392,good
f0917_11,1.0,1393,good
f0918_47,1.0,1394,good
f0919_47,1.0,1395,good
f0920_11,1.0,1396,good
f0921_40,1.0,1397,good
f0922_02,1.0,1398,good
f0923_31,1.0,1399,good
f0924_33,1.0,1400,good
f0925_21,1.0,1401,good
f0926_26,1.0,1402,good
f0927_44,1.0,1403,good
f0928_42,1.0,1404,good
f0929_23,1.0,1405,good
f0930_07,1.0,1406,good
f0931_37,1.0,1407,good
f0934_12,1.0,1408,good
f0935_28,1.0,1409,good
f0936_34,1.0,1410,good
f0937_01,1.0,1411,good
f0938_10,1.0,1412,good
f0939_32,1.0,1413,good
f0940_45,1.0,1414,good
f0942_17,1.0,1415,good
f0943_40,1.0,1416,good
f0944_27,1.0,1417,good
f0945_28,1.0,1418,good
f0946_31,1.0,1419,good
f0948_01,1.0,1420,good
f0949_02,1.0,1421,good
f0950_21,1.0,1422,good
f0951_29,1.0,1423,good
f0952_49,1.0,1424,good
f0953_15,1.0,1425,good
f0954_02,1.0,1426,good
f0955_30,1.0,1427,good
f0956_32,1.0,1428,good
f0957_15,1.0,1429,good
f0958_28,1.0,1430,good
f0959_27,1.0,1431,good
f0960_13,1.0,1432,good
f0961_08,1.0,1433,good
f0962_04,1.0,1434,good
f0963_21,1.0,1435,good
f0964_10,1.0,1436,good
f0965_28,1.0,1437,good
f0966_44,1.0,1438,good
f0967_29,1.0,1439,good
f0968_30,1.0,1440,good
f0969_31,1.0,1441,good
f0970_15,1.0,1442,good
f0971_24,1.0,1443,good
f0973_47,1.0,1444,good
f0974_14,1.0,1445,good
f0975_48,1.0,1446,good
f0976_41,1.0,1447,good
f0977_37,1.0,1448,good
f0978_05,1.0,1449,good
f0979_22,1.0,1450,good
f0980_43,1.0,1451,good
f0981_17,1.0,1452,good
f0982_06,1.0,1453,good
f0983_14,1.0,1454,good
f0984_25,1.0,1455,good
f0985_44,1.0,1456,good
f0986_02,1.0,1457,good
f0987_34,1.0,1458,good
f0988_45,1.0,1459,good
f0989_33,1.0,1460,good
f0991_47,1.0,1461,good
f0993_30,1.0,1462,good
f0994_46,1.0,1463,good
f0995_43,1.0,1464,good
f0996_01,1.0,1465,good
f0998_45,1.0,1466,good
f0999_29,1.0,1467,good
f1000_45,1.0,1468,good
f1001_28,1.0,1469,good
f1002_33,1.0,1470,good
f1003_41,1.0,1471,good
f1004_07,1.0,1472,good
f1005_12,1.0,1473,good
f1006_19,1.0,1474,good
f1007_22,1.0,1475,good
f1008_28,1.0,1476,good
f1009_29,1.0,1477,good
f1010_11,1.0,1478,good
f1011_35,1.0,1479,good
f1012_30,1.0,1480,good
f1013_47,1.0,1481,good
f1014_23,1.0,1482,good
f1015_14,1.0,1483,good
f1016_36,1.0,1484,good
f1017_30,1.0,1485,good
f1018_07,1.0,1486,good
f1019_45,1.0,1487,good
f1020_31,1.0,1488,good
f1021_16,1.0,1489,good
f1022_17,1.0,1490,good
f1023_49,1.0,1491,good
f1024_46,1.0,1492,good
f1025_22,1.0,1493,good
f1026_41,1.0,1494,good
f1027_05,1.0,1495,good
f1028_20,1.0,1496,good
f1029_30,1.0,1497,good
f1030_04,1.0,1498,good
f1031_37,1.0,1499,good
f1032_06,1.0,1500,good
f1033_07,1.0,1501,good
f1034_02,1.0,1502,good
f1036_49,1.0,1503,good
f1037_16,1.0,1504,good
f1038_35,1.0,1505,good
f1039_40,1.0,1506,good
f1040_01,1.0,1507,good
f1041_18,1.0,1508,good
f1042_08,1.0,1509,good
f1043_42,1.0,1510,good
f1044_04,1.0,1511,good
f1045_35,1.0,1512,good
f1046_14,1.0,1513,good
f1047_26,1.0,1514,good
f1048_31,1.0,1515,good
f1049_26,1.0,1516,good
f1050_39,1.0,1517,good
f1051_38,1.0,1518,good
f1052_05,1.0,1519,good
f1053_00,1.0,1520,good
f1054_20,1.0,1521,good
f1055_16,1.0,1522,good
f1056_11,1.0,1523,good
f1057_34,1.0,1524,good
f1058_32,1.0,1525,good
f1059_15,1.0,1526,good
f1060_13,1.0,1527,good
f1061_01,1.0,1528,good
f1062_28,1.0,1529,good
f1063_36,1.0,1530,good
f1065_10,1.0,1531,good
f1069_22,1.0,1532,good
f1070_09,1.0,1533,good
f1071_37,1.0,1534,good
f1072_34,1.0,1535,good
f1073_05,1.0,1536,good
f1074_34,1.0,1537,good
f1075_00,1.0,1538,good
f1076_12,1.0,1539,good
f1077_48,1.0,1540,good
f1078_11,1.0,1541,good
f1079_06,1.0,1542,good
f1080_00,1.0,1543,good
f1081_19,1.0,1544,good
f1082_22,1.0,1545,good
f1083_27,1.0,1546,good
f1084_48,1.0,1547,good
f1086_15,1.0,1548,good
f1087_32,1.0,1549,good
f1088_00,1.0,1550,good
f1089_04,1.0,1551,good
f1090_13,1.0,1552,good
f1091_00,1.0,1553,good
f1092_01,1.0,1554,good
f1093_13,1.0,1555,good
f1094_42,1.0,1556,good
f1095_24,1.0,1557,good
f1096_05,1.0,1558,good
f1097_20,1.0,1559,good
f1098_11,1.0,1560,good
f1099_37,1.0,1561,good
f1100_46,1.0,1562,good
f1101_38,1.0,1563,good
f1103_38,1.0,1564,good
f1104_24,1.0,1565,good
f1105_31,1.0,1566,good
f1106_01,1.0,1567,good
f1108_14,1.0,1568,good
f1109_36,1.0,1569,good
f1111_02,1.0,1570,good
f1112_30,1.0,1571,good
f1113_16,1.0,1572,good
f1114_07,1.0,1573,good
f1115_26,1.0,1574,good
f1116_09,1.0,1575,good
f1117_18,1.0,1576,good
f1118_23,1.0,1577,good
f1119_27,1.0,1578,good
f1120_05,1.0,1579,good
f1121_47,1.0,1580,good
f1122_02,1.0,1581,good
f1123_09,1.0,1582,good
f1124_24,1.0,1583,good
f1125_41,1.0,1584,good
f1126_06,1.0,1585,good
f1127_01,1.0,1586,good
f1128_24,1.0,1587,good
f1129_22,1.0,1588,good
f1130_48,1.0,1589,good
f1131_00,1.0,1590,good
f1132_19,1.0,1591,good
f1133_00,1.0,1592,good
f1134_40,1.0,1593,good
f1135_17,1.0,1594,good
f1136_31,1.0,1595,good
f1137_07,1.0,1596,good
f1138_27,1.0,1597,good
f1139_48,1.0,1598,good
f1140_23,1.0,1599,good
f1141_12,1.0,1600,good
f1142_44,1.0,1601,good
f1143_43,1.0,1602,good
f1144_47,1.0,1603,good
f1145_39,1.0,1604,good
f1146_05,1.0,1605,good
f1147_19,1.0,1606,good
f1148_23,1.0,1607,good
f1149_46,1.0,1608,good
f1150_03,1.0,1609,good
f1151_39,1.0,1610,good
f1152_03,1.0,1611,good
f1153_08,1.0,1612,good
f1154_00,1.0,1613,good
f1155_22,1.0,1614,good
f1156_23,1.0,1615,good
f1157_43,1.0,1616,good
f1158_21,1.0,1617,good
f1159_29,1.0,1618,good
f1160_23,1.0,1619,good
f1161_00,1.0,1620,good
f1163_43,1.0,1621,good
f1164_21,1.0,1622,good
f1165_30,1.0,1623,good
f1166_04,1.0,1624,good
f1167_31,1.0,1625,good
f1168_30,1.0,1626,good
f1169_08,1.0,1627,good
f1170_00,1.0,1628,good
f1171_06,1.0,1629,good
f1172_25,1.0,1630,good
f1173_40,1.0,1631,good
f1174_47,1.0,1632,good
f1175_48,1.0,1633,good
f1176_40,1.0,1634,good
f1177_42,1.0,1635,good
f1178_03,1.0,1636,good
f1179_01,1.0,1637,good
f1180_21,1.0,1638,good
f1181_27,1.0,1639,good
f1182_38,1.0,1640,good
f1183_38,1.0,1641,good
f1184_21,1.0,1642,good
f1185_47,1.0,1643,good
f1186_07,1.0,1644,good
f1187_49,1.0,1645,good
f1188_01,1.0,1646,good
f1189_06,1.0,1647,good
f1190_46,1.0,1648,good
f1191_18,1.0,1649,good
f1192_26,1.0,1650,good
f1193_46,1.0,1651,good
f1194_03,1.0,1652,good
f1195_27,1.0,1653,good
f1196_16,1.0,1654,good
f1197_00,1.0,1655,good
f1198_41,1.0,1656,good
f1199_24,1.0,1657,good
f1200_36,1.0,1658,good
f1201_49,1.0,1659,good
f1202_47,1.0,1660,good
f1203_10,1.0,1661,good
f1204_09,1.0,1662,good
f1205_25,1.0,1663,good
f1206_36,1.0,1664,good
f1207_46,1.0,1665,good
f1208_33,1.0,1666,good
f1210_47,1.0,1667,good
f1212_39,1.0,1668,good
f1213_10,1.0,1669,good
f1214_39,1.0,1670,good
f1215_02,1.0,1671,good
f1216_32,1.0,1672,good
f1217_02,1.0,1673,good
f1218_35,1.0,1674,good
f1219_26,1.0,1675,good
f1220_42,1.0,1676,good
f1222_04,1.0,1677,good
f1223_27,1.0,1678,good
f1224_16,1.0,1679,good
f1225_06,1.0,1680,good
f1226_13,1.0,1681,good
f1227_38,1.0,1682,good
f1228_30,1.0,1683,good
f1229_25,1.0,1684,good
f1230_10,1.0,1685,good
f1231_36,1.0,1686,good
f1232_34,1.0,1687,good
f1233_46,1.0,1688,good
f1234_26,1.0,1689,good
f1235_34,1.0,1690,good
f1236_11,1.0,1691,good
f1237_18,1.0,1692,good
f1238_43,1.0,1693,good
f1239_18,1.0,1694,good
f1240_01,1.0,1695,good
f1241_00,1.0,1696,good
f1242_30,1.0,1697,good
f1243_07,1.0,1698,good
f1244_09,1.0,1699,good
f1246_39,1.0,1700,good
f1247_15,1.0,1701,good
f1248_28,1.0,1702,good
f1249_33,1.0,1703,good
f1250_24,1.0,1704,good
f1251_10,1.0,1705,good
f1252_21,1.0,1706,good
f1253_43,1.0,1707,good
f1255_13,1.0,1708,good
f1256_05,1.0,1709,good
f1257_26,1.0,1710,good
f1258_19,1.0,1711,good
f1259_08,1.0,1712,good
f1260_34,1.0,1713,good
f1261_39,1.0,1714,good
f1262_42,1.0,1715,good
f1263_18,1.0,1716,good
f1264_37,1.0,1717,good
f1265_03,1.0,1718,good
f1266_29,1.0,1719,good
f1267_20,1.0,1720,good
f1268_12,1.0,1721,good
f1269_14,1.0,1722,good
f1270_28,1.0,1723,good
f1271_05,1.0,1724,good
f1272_09,1.0,1725,good
f1273_29,1.0,1726,good
f1275_19,1.0,1727,good
f1276_10,1.0,1728,good
f1277_02,1.0,1729,good
f1278_22,1.0,1730,good
f1279_31,1.0,1731,good
f1282_39,1.0,1732,good
f1283_24,1.0,1733,good
f1284_38,1.0,1734,good
f1285_45,1.0,1735,good
f1286_47,1.0,1736,good
f1287_40,1.0,1737,good
f1288_23,1.0,1738,good
f1289_06,1.0,1739,good
f1290_49,1.0,1740,good
f1291_26,1.0,1741,good
f1292_22,1.0,1742,good
f1293_37,1.0,1743,good
f1294_12,1.0,1744,good
f1295_00,1.0,1745,good
f1296_02,1.0,1746,good
f1297_30,1.0,1747,good
f1298_29,1.0,1748,good
f1299_42,1.0,1749,good
f1300_41,1.0,1750,good
f1301_47,1.0,1751,good
f1302_15,1.0,1752,good
f1303_05,1.0,1753,good
f1304_45,1.0,1754,good
f1305_42,1.0,1755,good
f1306_03,1.0,1756,good
f1308_43,1.0,1757,good
f1309_08,1.0,1758,good
f1310_44,1.0,1759,good
f1311_39,1.0,1760,good
f1312_23,1.0,1761,good
f1313_04,1.0,1762,good
f1314_29,1.0,1763,good
f1315_48,1.0,1764,good
f1316_31,1.0,1765,good
f1317_00,1.0,1766,good
f1318_17,1.0,1767,good
f1319_00,1.0,1768,good
f1320_38,1.0,1769,good
f1321_40,1.0,1770,good
f1323_11,1.0,1771,good
f1324_40,1.0,1772,good
f1325_20,1.0,1773,good
f1327_05,1.0,1774,good
f1329_29,1.0,1775,good
f1330_35,1.0,1776,good
f1331_49,1.0,1777,good
f1332_24,1.0,1778,good
f1334_00,1.0,1779,good
f1335_30,1.0,1780,good
f1336_30,1.0,1781,good
f1337_29,1.0,1782,good
f1338_02,1.0,1783,good
f1339_22,1.0,1784,good
f1340_02,1.0,1785,good
f1341_45,1.0,1786,good
f1342_17,1.0,1787,good
f1343_32,1.0,1788,good
f1344_45,1.0,1789,good
f1345_41,1.0,1790,good
f1346_08,1.0,1791,good
f1347_06,1.0,1792,good
f1349_00,1.0,1793,good
f1350_18,1.0,1794,good
f1351_29,1.0,1795,good
f1352_27,1.0,1796,good
f1353_42,1.0,1797,good
f1354_22,1.0,1798,good
f1355_03,1.0,1799,good
f1356_29,1.0,1800,good
f1357_25,1.0,1801,good
f1358_13,1.0,1802,good
f1359_45,1.0,1803,good
f1360_32,1.0,1804,good
f1361_36,1.0,1805,good
f1362_31,1.0,1806,good
f1363_19,1.0,1807,good
f1364_24,1.0,1808,good
f1365_16,1.0,1809,good
f1366_49,1.0,1810,good
f1367_00,1.0,1811,good
f1368_03,1.0,1812,good
f1369_36,1.0,1813,good
f1370_48,1.0,1814,good
f1371_21,1.0,1815,good
f1372_35,1.0,1816,good
f1373_33,1.0,1817,good
f1374_18,1.0,1818,good
f1375_23,1.0,1819,good
f1376_43,1.0,1820,good
f1377_09,1.0,1821,good
f1378_08,1.0,1822,good
f1379_47,1.0,1823,good
f1380_34,1.0,1824,good
f1381_00,1.0,1825,good
f1382_07,1.0,1826,good
f1383_16,1.0,1827,good
f1385_36,1.0,1828,good
f1386_19,1.0,1829,good
f1387_23,1.0,1830,good
f1388_41,1.0,1831,good
f1389_01,1.0,1832,good
f1390_10,1.0,1833,good
f1391_35,1.0,1834,good
f1392_44,1.0,1835,good
f1393_25,1.0,1836,good
f1394_16,1.0,1837,good
f1395_14,1.0,1838,good
f1396_07,1.0,1839,good
f1397_09,1.0,1840,good
f1398_48,1.0,1841,good
f1399_06,1.0,1842,good
f1400_25,1.0,1843,good
f1401_36,1.0,1844,good
f1402_17,1.0,1845,good
f1403_42,1.0,1846,good
f1404_39,1.0,1847,good
f1405_35,1.0,1848,good
f1406_38,1.0,1849,good
f1407_18,1.0,1850,good
f1408_02,1.0,1851,good
f1409_25,1.0,1852,good
f1410_19,1.0,1853,good
f1411_01,1.0,1854,good
f1412_36,1.0,1855,good
f1413_14,1.0,1856,good
f1414_16,1.0,1857,good
f1415_37,1.0,1858,good
f1417_14,1.0,1859,good
f1418_02,1.0,1860,good
f1419_11,1.0,1861,good
f1420_00,1.0,1862,good
f1421_27,1.0,1863,good
f1422_18,1.0,1864,good
f1423_05,1.0,1865,good
f1424_45,1.0,1866,good
f1425_23,1.0,1867,good
f1426_27,1.0,1868,good
f1427_16,1.0,1869,good
f1428_25,1.0,1870,good
f1429_14,1.0,1871,good
f1430_10,1.0,1872,good
f1431_47,1.0,1873,good
f1432_44,1.0,1874,good
f1433_36,1.0,1875,good
f1434_10,1.0,1876,good
f1435_38,1.0,1877,good
f1436_39,1.0,1878,good
f1437_23,1.0,1879,good
f1439_27,1.0,1880,good
f1440_10,1.0,1881,good
f1441_43,1.0,1882,good
f1442_28,1.0,1883,good
f1443_09,1.0,1884,good
f1444_03,1.0,1885,good
f1445_31,1.0,1886,good
f1446_25,1.0,1887,good
f1447_28,1.0,1888,good
f1448_42,1.0,1889,good
f1449_22,1.0,1890,good
f1450_34,1.0,1891,good
f1451_24,1.0,1892,good
f1452_02,1.0,1893,good
f1453_47,1.0,1894,good
f1454_12,1.0,1895,good
f1455_14,1.0,1896,good
f1456_41,1.0,1897,good
f1457_23,1.0,1898,good
f1458_19,1.0,1899,good
f1459_30,1.0,1900,good
f1460_02,1.0,1901,good
f1461_46,1.0,1902,good
f1462_01,1.0,1903,good
f1463_23,1.0,1904,good
f1464_23,1.0,1905,good
f1465_32,1.0,1906,good
f1466_48,1.0,1907,good
f1467_22,1.0,1908,good
f1468_04,1.0,1909,good
f1469_25,1.0,1910,good
f1470_34,1.0,1911,good
f1471_42,1.0,1912,good
f1472_37,1.0,1913,good
f1474_13,1.0,1914,good
f1475_14,1.0,1915,good
f1477_37,1.0,1916,good
f1478_41,1.0,1917,good
f1479_40,1.0,1918,good
f1480_24,1.0,1919,good
f1481_35,1.0,1920,good
f1482_39,1.0,1921,good
f1483_44,1.0,1922,good
f1484_21,1.0,1923,good
f1485_22,1.0,1924,good
f1486_35,1.0,1925,good
f1487_45,1.0,1926,good
f1488_27,1.0,1927,good
f1489_03,1.0,1928,good
f1490_31,1.0,1929,good
f1491_42,1.0,1930,good
f1492_06,1.0,1931,good
f1493_36,1.0,1932,good
f1494_41,1.0,1933,good
f1495_32,1.0,1934,good
f1497_28,1.0,1935,good
f1498_08,1.0,1936,good
f1499_12,1.0,1937,good
f1500_25,1.0,1938,good
f1501_00,1.0,1939,good
f1502_33,1.0,1940,good
f1503_02,1.0,1941,good
f1505_21,1.0,1942,good
f1506_35,1.0,1943,good
f1507_20,1.0,1944,good
f1508_14,1.0,1945,good
f1509_45,1.0,1946,good
f1510_28,1.0,1947,good
f1512_39,1.0,1948,good
f1513_07,1.0,1949,good
f1514_35,1.0,1950,good
f1515_36,1.0,1951,good
f1517_35,1.0,1952,good
f1518_07,1.0,1953,good
f1520_07,1.0,1954,good
f1521_17,1.0,1955,good
f1522_45,1.0,1956,good
f1523_03,1.0,1957,good
f1525_00,1.0,1958,good
f1527_46,1.0,1959,good
f1528_18,1.0,1960,good
f1529_23,1.0,1961,good
f1530_18,1.0,1962,good
f1531_34,1.0,1963,good
f1532_16,1.0,1964,good
f1533_23,1.0,1965,good
f1534_32,1.0,1966,good
f1535_20,1.0,1967,good
f1536_05,1.0,1968,good
f1537_32,1.0,1969,good
f1538_15,1.0,1970,good
f1539_20,1.0,1971,good
f1540_20,1.0,1972,good
f1541_40,1.0,1973,good
f1542_30,1.0,1974,good
f1543_08,1.0,1975,good
f1544_46,1.0,1976,good
f1545_40,1.0,1977,good
f1546_05,1.0,1978,good
f1547_06,1.0,1979,good
f1548_21,1.0,1980,good
f1549_10,1.0,1981,good
f1550_34,1.0,1982,good
f1551_34,1.0,1983,good
f1552_32,1.0,1984,good
f1553_24,1.0,1985,good
f1554_25,1.0,1986,good
f1555_23,1.0,1987,good
f1556_19,1.0,1988,good
f1557_00,1.0,1989,good
f1558_21,1.0,1990,good
f1559_25,1.0,1991,good
f1560_15,1.0,1992,good
f1561_30,1.0,1993,good
f1562_13,1.0,1994,good
f1563_24,1.0,1995,good
f1564_43,1.0,1996,good
f1565_04,1.0,1997,good
f1566_38,1.0,1998,good
f1567_20,1.0,1999,good
f1568_21,1.0,2000,good
f1569_23,1.0,2001,good
f1573_06,1.0,2002,good
f1574_26,1.0,2003,good
f1575_36,1.0,2004,good
f1576_04,1.0,2005,good
f1577_15,1.0,2006,good
f1578_22,1.0,2007,good
f1579_11,1.0,2008,good
f1581_39,1.0,2009,good
f1582_49,1.0,2010,good
f1583_41,1.0,2011,good
f1584_28,1.0,2012,good
f1585_06,1.0,2013,good
f1586_22,1.0,2014,good
f1587_05,1.0,2015,good
f1589_38,1.0,2016,good
f1590_15,1.0,2017,good
f1591_47,1.0,2018,good
f1592_44,1.0,2019,good
f1593_46,1.0,2020,good
f1594_09,1.0,2021,good
f1595_34,1.0,2022,good
f1596_10,1.0,2023,good
f1597_45,1.0,2024,good
f1598_49,1.0,2025,good
f1599_48,1.0,2026,good
f1600_43,1.0,2027,good
f1601_01,1.0,2028,good
f1602_35,1.0,2029,good
f1603_40,1.0,2030,good
f1604_07,1.0,2031,good
f1605_44,1.0,2032,good
f1606_19,1.0,2033,good
f1607_17,1.0,2034,good
f1608_37,1.0,2035,good
f1609_27,1.0,2036,good
f1610_32,1.0,2037,good
f1611_08,1.0,2038,good
f1612_47,1.0,2039,good
f1614_22,1.0,2040,good
f1615_41,1.0,2041,good
f1616_04,1.0,2042,good
f1617_41,1.0,2043,good
f1618_39,1.0,2044,good
f1619_37,1.0,2045,good
f1620_12,1.0,2046,good
f1621_46,1.0,2047,good
f1623_09,1.0,2048,good
f1624_03,1.0,2049,good
f1625_05,1.0,2050,good
f1626_27,1.0,2051,good
f1627_25,1.0,2052,good
f1628_45,1.0,2053,good
f1629_49,1.0,2054,good
f1630_21,1.0,2055,good
f1631_40,1.0,2056,good
f1632_39,1.0,2057,good
f1633_35,1.0,2058,good
f1634_38,1.0,2059,good
f1635_40,1.0,2060,good
f1636_00,1.0,2061,good
f1637_03,1.0,2062,good
f1638_14,1.0,2063,good
f1639_38,1.0,2064,good
f1640_48,1.0,2065,good
f1642_04,1.0,2066,good
f1643_46,1.0,2067,good
f1644_01,1.0,2068,good
f1645_35,1.0,2069,good
f1646_33,1.0,2070,good
f1647_28,1.0,2071,good
f1648_00,1.0,2072,good
f1649_03,1.0,2073,good
f1650_05,1.0,2074,good
f1651_06,1.0,2075,good
f1652_11,1.0,2076,good
f1653_02,1.0,2077,good
f1654_46,1.0,2078,good
f1655_34,1.0,2079,good
f1656_24,1.0,2080,good
f1657_06,1.0,2081,good
f1658_04,1.0,2082,good
f1659_04,1.0,2083,good
f1661_05,1.0,2084,good
f1662_01,1.0,2085,good
f1663_13,1.0,2086,good
f1664_04,1.0,2087,good
f1665_00,1.0,2088,good
f1666_45,1.0,2089,good
f1667_29,1.0,2090,good
f1669_41,1.0,2091,good
f1670_20,1.0,2092,good
f1671_40,1.0,2093,good
f1673_32,1.0,2094,good
f1676_30,1.0,2095,good
f1677_01,1.0,2096,good
f1680_37,1.0,2097,good
f1681_44,1.0,2098,good
f1682_10,1.0,2099,good
f1683_30,1.0,2100,good
f1684_08,1.0,2101,good
f1685_23,1.0,2102,good
f1686_01,1.0,2103,good
f1687_40,1.0,2104,good
f1688_24,1.0,2105,good
f1689_07,1.0,2106,good
f1690_24,1.0,2107,good
f1691_07,1.0,2108,good
f1692_18,1.0,2109,good
f1693_00,1.0,2110,good
f1694_17,1.0,2111,good
f1695_12,1.0,2112,good
f1696_08,1.0,2113,good
f1697_45,1.0,2114,good
f1698_35,1.0,2115,good
f1699_42,1.0,2116,good
f1700_36,1.0,2117,good
f1701_10,1.0,2118,good
f1702_13,1.0,2119,good
f1703_29,1.0,2120,good
f1704_29,1.0,2121,good
f1705_41,1.0,2122,good
f1706_39,1.0,2123,good
f1707_05,1.0,2124,good
f1708_22,1.0,2125,good
f1709_03,1.0,2126,good
f1711_35,1.0,2127,good
f1712_10,1.0,2128,good
f1713_02,1.0,2129,good
f1715_20,1.0,2130,good
f1716_48,1.0,2131,good
f1717_16,1.0,2132,good
f1718_29,1.0,2133,good
f1719_12,1.0,2134,good
f1720_48,1.0,2135,good
f1721_26,1.0,2136,good
f1722_43,1.0,2137,good
f1724_42,1.0,2138,good
f1728_02,1.0,2139,good
f1729_47,1.0,2140,good
f1730_21,1.0,2141,good
f1731_34,1.0,2142,good
f1732_28,1.0,2143,good
f1733_23,1.0,2144,good
f1734_48,1.0,2145,good
f1735_22,1.0,2146,good
f1736_04,1.0,2147,good
f1737_09,1.0,2148,good
f1738_42,1.0,2149,good
f1739_23,1.0,2150,good
f1740_04,1.0,2151,good
f1741_16,1.0,2152,good
f1742_04,1.0,2153,good
f1743_33,1.0,2154,good
f1744_39,1.0,2155,good
f1745_36,1.0,2156,good
f1746_28,1.0,2157,good
f1747_44,1.0,2158,good
f1748_30,1.0,2159,good
f1749_23,1.0,2160,good
f1751_08,1.0,2161,good
f1752_29,1.0,2162,good
f1753_34,1.0,2163,good
f1754_35,1.0,2164,good
f1755_46,1.0,2165,good
f1756_07,1.0,2166,good
f1757_24,1.0,2167,good
f1758_36,1.0,2168,good
f1759_19,1.0,2169,good
f1760_27,1.0,2170,good
f1761_43,1.0,2171,good
f1762_28,1.0,2172,good
f1763_25,1.0,2173,good
f1764_25,1.0,2174,good
f1765_33,1.0,2175,good
f1766_41,1.0,2176,good
f1767_34,1.0,2177,good
f1768_48,1.0,2178,good
f1769_04,1.0,2179,good
f1770_47,1.0,2180,good
f1771_46,1.0,2181,good
f1773_18,1.0,2182,good
f1775_42,1.0,2183,good
f1777_29,1.0,2184,good
f1778_11,1.0,2185,good
f1779_01,1.0,2186,good
f1780_04,1.0,2187,good
f1781_48,1.0,2188,good
f1782_05,1.0,2189,good
f1783_34,1.0,2190,good
f1784_17,1.0,2191,good
f1785_07,1.0,2192,good
f1786_08,1.0,2193,good
f1787_36,1.0,2194,good
f1788_32,1.0,2195,good
f1789_37,1.0,2196,good
f1790_11,1.0,2197,good
f1792_12,1.0,2198,good
f1793_33,1.0,2199,good
f1794_07,1.0,2200,good
f1795_30,1.0,2201,good
f1796_21,1.0,2202,good
f1797_27,1.0,2203,good
f1798_42,1.0,2204,good
f1799_27,1.0,2205,good
f1800_08,1.0,2206,good
f1801_01,1.0,2207,good
f1802_35,1.0,2208,good
f1803_09,1.0,2209,good
f1804_32,1.0,2210,good
f1806_29,1.0,2211,good
f1807_08,1.0,2212,good
f1808_13,1.0,2213,good
f1809_16,1.0,2214,good
f1810_02,1.0,2215,good
f1811_11,1.0,2216,good
f1812_15,1.0,2217,good
f1813_25,1.0,2218,good
f1814_24,1.0,2219,good
f1815_44,1.0,2220,good
f1816_24,1.0,2221,good
f1818_11,1.0,2222,good
f1819_37,1.0,2223,good
f1820_17,1.0,2224,good
f1821_24,1.0,2225,good
f1822_45,1.0,2226,good
f1823_43,1.0,2227,good
f1825_06,1.0,2228,good
f1827_17,1.0,2229,good
f1828_25,1.0,2230,good
f1829_17,1.0,2231,good
f1830_16,1.0,2232,good
f1831_15,1.0,2233,good
f1832_47,1.0,2234,good
f1833_03,1.0,2235,good
f1834_16,1.0,2236,good
f1835_27,1.0,2237,good
f1836_34,1.0,2238,good
f1837_00,1.0,2239,good
f1838_49,1.0,2240,good
f1840_35,1.0,2241,good
f1841_05,1.0,2242,good
f1842_34,1.0,2243,good
f1843_09,1.0,2244,good
f1844_38,1.0,2245,good
f1845_02,1.0,2246,good
f1847_26,1.0,2247,good
f1848_43,1.0,2248,good
f1849_46,1.0,2249,good
f1850_16,1.0,2250,good
f1851_06,1.0,2251,good
f1852_35,1.0,2252,good
f1853_42,1.0,2253,good
f1855_37,1.0,2254,good
f1856_37,1.0,2255,good
f1857_48,1.0,2256,good
f1858_21,1.0,2257,good
f1859_39,1.0,2258,good
f1860_06,1.0,2259,good
f1861_26,1.0,2260,good
f1862_37,1.0,2261,good
f1863_44,1.0,2262,good
f1864_10,1.0,2263,good
f1865_30,1.0,2264,good
f1866_14,1.0,2265,good
f1867_44,1.0,2266,good
f1868_06,1.0,2267,good
f1869_07,1.0,2268,good
f1870_30,1.0,2269,good
f1871_04,1.0,2270,good
f1872_07,1.0,2271,good
f1873_22,1.0,2272,good
f1874_36,1.0,2273,good
f1875_21,1.0,2274,good
f1876_22,1.0,2275,good
f1877_30,1.0,2276,good
f1878_33,1.0,2277,good
f1879_44,1.0,2278,good
f1880_06,1.0,2279,good
f1881_37,1.0,2280,good
f1882_40,1.0,2281,good
f1883_03,1.0,2282,good
f1884_05,1.0,2283,good
f1885_29,1.0,2284,good
f1886_18,1.0,2285,good
f1887_23,1.0,2286,good
f1888_11,1.0,2287,good
f1889_05,1.0,2288,good
f1890_28,1.0,2289,good
f1891_18,1.0,2290,good
f1892_07,1.0,2291,good
f1893_26,1.0,2292,good
f1895_37,1.0,2293,good
f1896_13,1.0,2294,good
f1897_40,1.0,2295,good
f1899_19,1.0,2296,good
f1900_12,1.0,2297,good
f1902_10,1.0,2298,good
f1903_48,1.0,2299,good
f1904_33,1.0,2300,good
f1905_23,1.0,2301,good
f1906_16,1.0,2302,good
f1907_22,1.0,2303,good
f1908_49,1.0,2304,good
f1909_43,1.0,2305,good
f1910_05,1.0,2306,good
f1911_44,1.0,2307,good
f1912_13,1.0,2308,good
f1913_37,1.0,2309,good
f1914_02,1.0,2310,good
f1915_00,1.0,2311,good
f1916_32,1.0,2312,good
f1917_19,1.0,2313,good
f1918_04,1.0,2314,good
f1919_17,1.0,2315,good
f1920_09,1.0,2316,good
f1921_33,1.0,2317,good
f1922_38,1.0,2318,good
f1923_42,1.0,2319,good
f1924_29,1.0,2320,good
f1925_00,1.0,2321,good
f1926_49,1.0,2322,good
f1927_01,1.0,2323,good
f1928_20,1.0,2324,good
f1929_04,1.0,2325,good
f1930_02,1.0,2326,good
f1931_49,1.0,2327,good
f1932_09,1.0,2328,good
f1934_10,1.0,2329,good
f1935_07,1.0,2330,good
f1936_06,1.0,2331,good
f1937_04,1.0,2332,good
f1938_21,1.0,2333,good
f1939_13,1.0,2334,good
f1940_28,1.0,2335,good
f1941_44,1.0,2336,good
f1942_21,1.0,2337,good
f1943_00,1.0,2338,good
f1944_40,1.0,2339,good
f1945_00,1.0,2340,good
f1946_25,1.0,2341,good
f1947_49,1.0,2342,good
f1948_41,1.0,2343,good
f1949_20,1.0,2344,good
f1950_08,1.0,2345,good
f1951_19,1.0,2346,good
f1952_17,1.0,2347,good
f1953_17,1.0,2348,good
f1954_31,1.0,2349,good
f1955_30,1.0,2350,good
f1956_19,1.0,2351,good
f1957_41,1.0,2352,good
f1958_33,1.0,2353,good
f1959_39,1.0,2354,good
f1960_26,1.0,2355,good
f1961_34,1.0,2356,good
f1962_12,1.0,2357,good
f1963_27,1.0,2358,good
f1964_32,1.0,2359,good
f1965_23,1.0,2360,good
f1966_31,1.0,2361,good
f1967_21,1.0,2362,good
f1968_09,1.0,2363,good
f1970_32,1.0,2364,good
f1971_12,1.0,2365,good
f1972_15,1.0,2366,good
f1973_24,1.0,2367,good
f1975_00,1.0,2368,good
f1976_25,1.0,2369,good
f1977_23,1.0,2370,good
f1979_36,1.0,2371,good
f1980_17,1.0,2372,good
f1981_44,1.0,2373,good
f1982_16,1.0,2374,good
f1983_00,1.0,2375,good
f1985_18,1.0,2376,good
f1986_20,1.0,2377,good
f1987_47,1.0,2378,good
f1988_11,1.0,2379,good
f1989_45,1.0,2380,good
f1993_19,1.0,2381,good
f1994_21,1.0,2382,good
f1996_12,1.0,2383,good
f1997_00,1.0,2384,good
f1998_10,1.0,2385,good
f1999_37,1.0,2386,good
f2000_40,1.0,2387,good
f2002_29,1.0,2388,good
f2003_18,1.0,2389,good
f2004_29,1.0,2390,good
f2006_31,1.0,2391,good
f2007_45,1.0,2392,good
f2008_26,1.0,2393,good
f2009_39,1.0,2394,good
f2010_38,1.0,2395,good
f2011_41,1.0,2396,good
f2012_46,1.0,2397,good
f2013_19,1.0,2398,good
f2014_07,1.0,2399,good
f2015_08,1.0,2400,good
f2016_39,1.0,2401,good
f2017_03,1.0,2402,good
f2018_05,1.0,2403,good
f2019_34,1.0,2404,good
f2020_16,1.0,2405,good
f2021_30,1.0,2406,good
f2022_38,1.0,2407,good
f2023_12,1.0,2408,good
f2024_20,1.0,2409,good
f2025_00,1.0,2410,good
f2027_41,1.0,2411,good
f2028_18,1.0,2412,good
f2029_03,1.0,2413,good
f2031_31,1.0,2414,good
f2032_22,1.0,2415,good
f2033_24,1.0,2416,good
f2034_14,1.0,2417,good
f2035_49,1.0,2418,good
f2036_29,1.0,2419,good
f2037_06,1.0,2420,good
f2038_08,1.0,2421,good
f2039_13,1.0,2422,good
f2040_47,1.0,2423,good
f2041_22,1.0,2424,good
f2042_30,1.0,2425,good
f2045_15,1.0,2426,good
f2047_48,1.0,2427,good
f2048_19,1.0,2428,good
f2049_38,1.0,2429,good
f2050_45,1.0,2430,good
f2051_15,1.0,2431,good
f2054_13,1.0,2432,good
f2055_31,1.0,2433,good
f2056_40,1.0,2434,good
f2057_23,1.0,2435,good
f2058_01,1.0,2436,good
f2059_42,1.0,2437,good
f2060_18,1.0,2438,good
f2061_12,1.0,2439,good
f2063_00,1.0,2440,good
f2064_33,1.0,2441,good
f2066_29,1.0,2442,good
f2068_36,1.0,2443,good
f2069_42,1.0,2444,good
f2070_11,1.0,2445,good
f2071_28,1.0,2446,good
f2072_32,1.0,2447,good
f2074_03,1.0,2448,good
f2075_09,1.0,2449,good
f2076_31,1.0,2450,good
f2078_03,1.0,2451,good
f2079_27,1.0,2452,good
f2081_42,1.0,2453,good
f2082_26,1.0,2454,good
f2083_33,1.0,2455,good
f2084_07,1.0,2456,good
f2085_02,1.0,2457,good
f2087_13,1.0,2458,good
f2088_14,1.0,2459,good
f2089_25,1.0,2460,good
f2090_00,1.0,2461,good
f2091_28,1.0,2462,good
f2092_41,1.0,2463,good
f2093_26,1.0,2464,good
f2094_44,1.0,2465,good
f2095_37,1.0,2466,good
f2096_00,1.0,2467,good
f2097_31,1.0,2468,good
f2099_21,1.0,2469,good
f2100_97,1.0,2470,good
f2101_62,1.0,2471,good
f2102_52,1.0,2472,good
f2103_60,1.0,2473,good
f2104_50,1.0,2474,good
f2105_51,1.0,2475,good
f2107_53,1.0,2476,good
f2108_54,1.0,2477,good
f2109_65,1.0,2478,good
f2112_65,1.0,2479,good
f2114_50,1.0,2480,good
f2116_72,1.0,2481,good
f2117_54,1.0,2482,good
f2118_60,1.0,2483,good
f2119_56,1.0,2484,good
f2120_61,1.0,2485,good
f2121_67,1.0,2486,good
f2122_65,1.0,2487,good
f2123_63,1.0,2488,good
f2124_66,1.0,2489,good
f2125_64,1.0,2490,good
f2129_55,1.0,2491,good
f2130_74,1.0,2492,good
f2133_68,1.0,2493,good
f2134_58,1.0,2494,good
f2136_68,1.0,2495,good
f2138_72,1.0,2496,good
f2139_75,1.0,2497,good
f2142_69,1.0,2498,good
f2143_66,1.0,2499,good
f2147_79,1.0,2500,good
f2148_78,1.0,2501,good
f2151_92,1.0,2502,good
f2152_98,1.0,2503,good
f2154_77,1.0,2504,good
f2155_59,1.0,2505,good
f2156_56,1.0,2506,good
f2159_53,1.0,2507,good
f2160_96,1.0,2508,good
f2161_58,1.0,2509,good
f2166_63,1.0,2510,good
f2167_65,1.0,2511,good
f2168_66,1.0,2512,good
f2171_70,1.0,2513,good
f2173_74,1.0,2514,good
f2174_61,1.0,2515,good
f2175_59,1.0,2516,good
f2176_64,1.0,2517,good
f2177_57,1.0,2518,good
f2178_93,1.0,2519,good
f2179_58,1.0,2520,good
f2180_96,1.0,2521,good
f2182_95,1.0,2522,good
f2183_59,1.0,2523,good
f2185_57,1.0,2524,good
f2186_55,1.0,2525,good
f2187_54,1.0,2526,good
f2188_71,1.0,2527,good
f2189_50,1.0,2528,good
f2190_52,1.0,2529,good
f2191_53,1.0,2530,good
f2192_56,1.0,2531,good
f2197_62,1.0,2532,good
f2198_58,1.0,2533,good
f2200_55,1.0,2534,good
f2201_80,1.0,2535,good
f2202_76,1.0,2536,good
f2203_77,1.0,2537,good
f2204_78,1.0,2538,good
f2206_73,1.0,2539,good
f2207_75,1.0,2540,good
f2209_79,1.0,2541,good
f2210_96,1.0,2542,good
f2212_74,1.0,2543,good
f2215_69,1.0,2544,good
f2217_71,1.0,2545,good
f2218_51,1.0,2546,good
f2223_83,1.0,2547,good
f2224_82,1.0,2548,good
f2226_85,1.0,2549,good
f2229_88,1.0,2550,good
f2233_79,1.0,2551,good
f2235_81,1.0,2552,good
f2236_83,1.0,2553,good
f2237_82,1.0,2554,good
f2239_84,1.0,2555,good
f2240_80,1.0,2556,good
f2241_88,1.0,2557,good
f2243_87,1.0,2558,good
f2245_95,1.0,2559,good
f2247_97,1.0,2560,good
f2251_74,1.0,2561,good
f2256_71,1.0,2562,good
f2257_69,1.0,2563,good
f2258_85,1.0,2564,good
f2259_68,1.0,2565,good
f2260_57,1.0,2566,good
f2262_83,1.0,2567,good
f2265_80,1.0,2568,good
f2266_81,1.0,2569,good
f2267_78,1.0,2570,good
f2268_88,1.0,2571,good
f2269_89,1.0,2572,good
f2271_86,1.0,2573,good
f2276_91,1.0,2574,good
f2278_93,1.0,2575,good
f2279_94,1.0,2576,good
f2280_57,1.0,2577,good
f2281_52,1.0,2578,good
f2282_53,1.0,2579,good
f2283_59,1.0,2580,good
f2285_54,1.0,2581,good
f2286_50,1.0,2582,good
f2287_60,1.0,2583,good
f2289_62,1.0,2584,good
f2290_64,1.0,2585,good
f2291_65,1.0,2586,good
f2293_68,1.0,2587,good
f2294_71,1.0,2588,good
f2296_73,1.0,2589,good
f2298_74,1.0,2590,good
f2300_52,1.0,2591,good
f2301_65,1.0,2592,good
f2302_58,1.0,2593,good
f2308_56,1.0,2594,good
f2310_51,1.0,2595,good
f2311_61,1.0,2596,good
f2313_55,1.0,2597,good
f2315_59,1.0,2598,good
f2318_78,1.0,2599,good
f2320_75,1.0,2600,good
f2321_84,1.0,2601,good
f2323_81,1.0,2602,good
f2324_84,1.0,2603,good
f2326_83,1.0,2604,good
f2327_90,1.0,2605,good
f2329_94,1.0,2606,good
f2331_93,1.0,2607,good
f2334_99,1.0,2608,good
f2336_99,1.0,2609,good
f2337_71,1.0,2610,good
f2338_70,1.0,2611,good
f2339_76,1.0,2612,good
f2341_65,1.0,2613,good
f2342_82,1.0,2614,good
f2343_83,1.0,2615,good
f2345_87,1.0,2616,good
f2346_88,1.0,2617,good
f2349_78,1.0,2618,good
f2350_98,1.0,2619,good
f2355_85,1.0,2620,good
f2356_86,1.0,2621,good
f2357_70,1.0,2622,good
f2361_74,1.0,2623,good
f2363_77,1.0,2624,good
f2364_65,1.0,2625,good
f2365_62,1.0,2626,good
f2366_64,1.0,2627,good
f2368_50,1.0,2628,good
f2369_56,1.0,2629,good
f2371_68,1.0,2630,good
f2372_55,1.0,2631,good
f2373_53,1.0,2632,good
f2374_59,1.0,2633,good
f2376_57,1.0,2634,good
f2378_69,1.0,2635,good
f2379_68,1.0,2636,good
f2382_52,1.0,2637,good
f2384_51,1.0,2638,good
f2385_83,1.0,2639,good
f2387_81,1.0,2640,good
f2393_90,1.0,2641,good
f2395_78,1.0,2642,good
f2398_51,1.0,2643,good
f2401_78,1.0,2644,good
f2402_75,1.0,2645,good
f2404_70,1.0,2646,good
f2406_72,1.0,2647,good
f2407_74,1.0,2648,good
f2408_73,1.0,2649,good
f2410_85,1.0,2650,good
f2412_86,1.0,2651,good
f2413_87,1.0,2652,good
f2414_89,1.0,2653,good
f2416_80,1.0,2654,good
f2417_81,1.0,2655,good
f2418_82,1.0,2656,good
f2421_86,1.0,2657,good
f2423_88,1.0,2658,good
f2424_90,1.0,2659,good
f2426_87,1.0,2660,good
f2427_89,1.0,2661,good
f2428_96,1.0,2662,good
f2429_95,1.0,2663,good
f2430_92,1.0,2664,good
f2432_94,1.0,2665,good
f2433_75,1.0,2666,good
f2434_59,1.0,2667,good
f2435_57,1.0,2668,good
f2437_50,1.0,2669,good
f2439_77,1.0,2670,good
f2440_79,1.0,2671,good
f2441_83,1.0,2672,good
f2442_81,1.0,2673,good
f2443_80,1.0,2674,good
f2446_88,1.0,2675,good
f2447_93,1.0,2676,good
f2448_94,1.0,2677,good
f2449_96,1.0,2678,good
f2450_56,1.0,2679,good
f2451_68,1.0,2680,good
f2452_69,1.0,2681,good
f2453_70,1.0,2682,good
f2455_72,1.0,2683,good
f2456_71,1.0,2684,good
f2457_97,1.0,2685,good
f2458_53,1.0,2686,good
f2459_55,1.0,2687,good
f2460_52,1.0,2688,good
f2462_98,1.0,2689,good
f2463_79,1.0,2690,good
f2464_74,1.0,2691,good
f2465_75,1.0,2692,good
f2466_76,1.0,2693,good
f2468_78,1.0,2694,good
f2473_81,1.0,2695,good
f2474_84,1.0,2696,good
f2476_67,1.0,2697,good
f2477_69,1.0,2698,good
f2478_68,1.0,2699,good
f2480_61,1.0,2700,good
f2481_58,1.0,2701,good
f2482_62,1.0,2702,good
f2484_76,1.0,2703,good
f2485_77,1.0,2704,good
f2487_92,1.0,2705,good
f2488_90,1.0,2706,good
f2489_89,1.0,2707,good
f2492_72,1.0,2708,good
f2493_99,1.0,2709,good
f2494_73,1.0,2710,good
f2495_59,1.0,2711,good
f2496_56,1.0,2712,good
f2497_54,1.0,2713,good
f2498_75,1.0,2714,good
f2500_50,1.0,2715,good
f2501_53,1.0,2716,good
f2502_59,1.0,2717,good
f2504_69,1.0,2718,good
f2505_79,1.0,2719,good
f2506_77,1.0,2720,good
f2511_52,1.0,2721,good
f2512_54,1.0,2722,good
f2516_59,1.0,2723,good
f2517_63,1.0,2724,good
f2518_67,1.0,2725,good
f2519_67,1.0,2726,good
f2521_66,1.0,2727,good
f2522_61,1.0,2728,good
f2523_65,1.0,2729,good
f2525_62,1.0,2730,good
f2526_71,1.0,2731,good
f2528_69,1.0,2732,good
f2529_70,1.0,2733,good
f2532_93,1.0,2734,good
f2534_96,1.0,2735,good
f2535_60,1.0,2736,good
f2536_59,1.0,2737,good
f2537_57,1.0,2738,good
f2538_60,1.0,2739,good
f2539_96,1.0,2740,good
f2542_55,1.0,2741,good
f2543_98,1.0,2742,good
f2544_53,1.0,2743,good
f2546_62,1.0,2744,good
f2547_96,1.0,2745,good
f2549_82,1.0,2746,good
f2551_80,1.0,2747,good
f2553_92,1.0,2748,good
f2554_55,1.0,2749,good
f2556_97,1.0,2750,good
f2557_98,1.0,2751,good
f2558_96,1.0,2752,good
f2560_93,1.0,2753,good
f2561_89,1.0,2754,good
f2563_91,1.0,2755,good
f2565_57,1.0,2756,good
f2568_54,1.0,2757,good
f2569_58,1.0,2758,good
f2570_52,1.0,2759,good
f2571_62,1.0,2760,good
f2573_61,1.0,2761,good
f2577_65,1.0,2762,good
f2578_68,1.0,2763,good
f2579_76,1.0,2764,good
f2580_69,1.0,2765,good
f2583_71,1.0,2766,good
f2584_73,1.0,2767,good
f2585_74,1.0,2768,good
f2586_75,1.0,2769,good
f2588_72,1.0,2770,good
f2589_78,1.0,2771,good
f2591_70,1.0,2772,good
f2592_71,1.0,2773,good
f2594_90,1.0,2774,good
f2595_89,1.0,2775,good
f2599_91,1.0,2776,good
f3100_44,1.0,2777,good
f3101_07,1.0,2778,good
f3102_36,1.0,2779,good
f3103_38,1.0,2780,good
f3106_05,1.0,2781,good
f3107_16,1.0,2782,good
f3108_34,1.0,2783,good
f3109_30,1.0,2784,good
f3110_25,1.0,2785,good
f3111_05,1.0,2786,good
f3112_45,1.0,2787,good
f3113_40,1.0,2788,good
f3114_13,1.0,2789,good
f3115_25,1.0,2790,good
f3117_11,1.0,2791,good
f3118_09,1.0,2792,good
f3120_04,1.0,2793,good
f3122_40,1.0,2794,good
f3123_42,1.0,2795,good
f3124_21,1.0,2796,good
f3126_20,1.0,2797,good
f3127_16,1.0,2798,good
f3128_15,1.0,2799,good
f3130_44,1.0,2800,good
f3131_11,1.0,2801,good
f3132_12,1.0,2802,good
f3133_33,1.0,2803,good
f3134_27,1.0,2804,good
f3135_37,1.0,2805,good
f3136_07,1.0,2806,good
f3137_47,1.0,2807,good
f3139_09,1.0,2808,good
f3140_49,1.0,2809,good
f3141_36,1.0,2810,good
f3142_38,1.0,2811,good
f3144_39,1.0,2812,good
f3145_38,1.0,2813,good
f3147_41,1.0,2814,good
f3148_21,1.0,2815,good
f3149_41,1.0,2816,good
f3150_21,1.0,2817,good
f3152_47,1.0,2818,good
f3154_48,1.0,2819,good
f3155_15,1.0,2820,good
f3161_02,1.0,2821,good
f3162_20,1.0,2822,good
f3163_24,1.0,2823,good
f3165_11,1.0,2824,good
f3166_12,1.0,2825,good
f3167_45,1.0,2826,good
f3168_20,1.0,2827,good
f3169_14,1.0,2828,good
f3170_08,1.0,2829,good
f3172_42,1.0,2830,good
f3175_03,1.0,2831,good
f3176_15,1.0,2832,good
f3177_03,1.0,2833,good
f3179_39,1.0,2834,good
f3180_41,1.0,2835,good
f3182_40,1.0,2836,good
f3183_15,1.0,2837,good
f3184_11,1.0,2838,good
f3185_38,1.0,2839,good
f3186_24,1.0,2840,good
f3188_47,1.0,2841,good
f3189_40,1.0,2842,good
f3190_08,1.0,2843,good
f3191_43,1.0,2844,good
f3192_37,1.0,2845,good
f3194_31,1.0,2846,good
f3196_35,1.0,2847,good
f3197_34,1.0,2848,good
f3198_32,1.0,2849,good
f3199_08,1.0,2850,good
f3202_01,1.0,2851,good
f3203_10,1.0,2852,good
f3204_15,1.0,2853,good
f3207_05,1.0,2854,good
f3208_06,1.0,2855,good
f3213_04,1.0,2856,good
f3214_03,1.0,2857,good
f3215_34,1.0,2858,good
f3216_33,1.0,2859,good
f3217_28,1.0,2860,good
f3218_23,1.0,2861,good
f3222_24,1.0,2862,good
f3223_18,1.0,2863,good
f3224_05,1.0,2864,good
f3226_21,1.0,2865,good
f3227_14,1.0,2866,good
f3228_48,1.0,2867,good
f3229_48,1.0,2868,good
f3230_21,1.0,2869,good
f3231_19,1.0,2870,good
f3234_23,1.0,2871,good
f3235_00,1.0,2872,good
f3237_27,1.0,2873,good
f3238_40,1.0,2874,good
f3239_36,1.0,2875,good
f3242_19,1.0,2876,good
f3244_38,1.0,2877,good
f3245_09,1.0,2878,good
f3246_06,1.0,2879,good
f3247_40,1.0,2880,good
f3248_19,1.0,2881,good
f3249_21,1.0,2882,good
f3251_33,1.0,2883,good
f3252_32,1.0,2884,good
f3253_11,1.0,2885,good
f3254_32,1.0,2886,good
f3255_43,1.0,2887,good
f3256_38,1.0,2888,good
f3258_46,1.0,2889,good
f3260_09,1.0,2890,good
f3261_00,1.0,2891,good
f3262_45,1.0,2892,good
f3263_08,1.0,2893,good
f3264_06,1.0,2894,good
f3265_08,1.0,2895,good
f3266_12,1.0,2896,good
f3267_41,1.0,2897,good
f3268_37,1.0,2898,good
f3271_09,1.0,2899,good
f3272_48,1.0,2900,good
f3273_45,1.0,2901,good
f3274_27,1.0,2902,good
f3275_40,1.0,2903,good
f3276_49,1.0,2904,good
f3277_09,1.0,2905,good
f3278_33,1.0,2906,good
f3279_28,1.0,2907,good
f3280_34,1.0,2908,good
f3282_28,1.0,2909,good
f3283_17,1.0,2910,good
f3285_15,1.0,2911,good
f3286_40,1.0,2912,good
f3288_23,1.0,2913,good
f3289_18,1.0,2914,good
f3290_01,1.0,2915,good
f3291_47,1.0,2916,good
f3292_31,1.0,2917,good
f3294_06,1.0,2918,good
f3297_22,1.0,2919,good
f3298_12,1.0,2920,good
f3299_12,1.0,2921,good
f3300_25,1.0,2922,good
f3302_29,1.0,2923,good
f3303_31,1.0,2924,good
f3304_23,1.0,2925,good
f3305_28,1.0,2926,good
f3306_39,1.0,2927,good
f3307_33,1.0,2928,good
f3308_03,1.0,2929,good
f3310_44,1.0,2930,good
f3312_28,1.0,2931,good
f3314_25,1.0,2932,good
f3315_23,1.0,2933,good
f3316_22,1.0,2934,good
f3319_48,1.0,2935,good
f3321_36,1.0,2936,good
f3322_40,1.0,2937,good
f3323_10,1.0,2938,good
f3324_05,1.0,2939,good
f3325_08,1.0,2940,good
f3329_30,1.0,2941,good
f3330_43,1.0,2942,good
f3331_20,1.0,2943,good
f3332_19,1.0,2944,good
f3333_15,1.0,2945,good
f3335_15,1.0,2946,good
f3336_15,1.0,2947,good
f3337_21,1.0,2948,good
f3338_15,1.0,2949,good
f3339_15,1.0,2950,good
f3340_15,1.0,2951,good
f3342_24,1.0,2952,good
f3343_18,1.0,2953,good
f3345_12,1.0,2954,good
f3346_12,1.0,2955,good
f3347_47,1.0,2956,good
f3348_00,1.0,2957,good
f3350_11,1.0,2958,good
f3351_27,1.0,2959,good
f3354_29,1.0,2960,good
f3355_36,1.0,2961,good
f3356_11,1.0,2962,good
f3359_42,1.0,2963,good
f3360_00,1.0,2964,good
f3361_17,1.0,2965,good
f3362_03,1.0,2966,good
f3363_42,1.0,2967,good
f3366_32,1.0,2968,good
f3368_37,1.0,2969,good
f3369_37,1.0,2970,good
f3370_37,1.0,2971,good
f3371_34,1.0,2972,good
f3372_23,1.0,2973,good
f3373_36,1.0,2974,good
f3375_30,1.0,2975,good
f3376_29,1.0,2976,good
f3377_11,1.0,2977,good
f3378_44,1.0,2978,good
f3379_03,1.0,2979,good
f3380_04,1.0,2980,good
f3381_42,1.0,2981,good
f3382_25,1.0,2982,good
f3383_24,1.0,2983,good
f3385_08,1.0,2984,good
f3386_27,1.0,2985,good
f3387_42,1.0,2986,good
f3388_36,1.0,2987,good
f3389_44,1.0,2988,good
f3390_07,1.0,2989,good
f3391_40,1.0,2990,good
f3392_06,1.0,2991,good
f3393_08,1.0,2992,good
f3394_37,1.0,2993,good
f3395_44,1.0,2994,good
f3396_07,1.0,2995,good
f3397_12,1.0,2996,good
f3399_09,1.0,2997,good
f3401_42,1.0,2998,good
f3403_48,1.0,2999,good
f3404_40,1.0,3000,good
f3405_07,1.0,3001,good
f3406_49,1.0,3002,good
f3407_40,1.0,3003,good
f3408_47,1.0,3004,good
f3410_19,1.0,3005,good
f3411_09,1.0,3006,good
f3413_34,1.0,3007,good
f3414_29,1.0,3008,good
f3415_33,1.0,3009,good
f3416_28,1.0,3010,good
f3417_01,1.0,3011,good
f3418_34,1.0,3012,good
f3420_27,1.0,3013,good
f3421_31,1.0,3014,good
f3424_24,1.0,3015,good
f3425_47,1.0,3016,good
f3426_23,1.0,3017,good
f3427_21,1.0,3018,good
f3429_41,1.0,3019,good
f3430_38,1.0,3020,good
f3431_32,1.0,3021,good
f3432_38,1.0,3022,good
f3433_10,1.0,3023,good
f3434_00,1.0,3024,good
f3435_24,1.0,3025,good
f3437_17,1.0,3026,good
f3438_08,1.0,3027,good
f3440_33,1.0,3028,good
f3441_24,1.0,3029,good
f3442_00,1.0,3030,good
f3443_42,1.0,3031,good
f3444_07,1.0,3032,good
f3445_01,1.0,3033,good
f3446_10,1.0,3034,good
f3447_20,1.0,3035,good
f3448_15,1.0,3036,good
f3449_11,1.0,3037,good
f3450_19,1.0,3038,good
f3451_01,1.0,3039,good
f3452_13,1.0,3040,good
f3453_15,1.0,3041,good
f3454_44,1.0,3042,good
f3455_32,1.0,3043,good
f3458_26,1.0,3044,good
f3459_46,1.0,3045,good
f3460_47,1.0,3046,good
f3461_23,1.0,3047,good
f3465_24,1.0,3048,good
f3466_22,1.0,3049,good
f3468_13,1.0,3050,good
f3470_24,1.0,3051,good
f3471_02,1.0,3052,good
f3472_19,1.0,3053,good
f3473_21,1.0,3054,good
f3474_05,1.0,3055,good
f3475_09,1.0,3056,good
f3477_45,1.0,3057,good
f3479_08,1.0,3058,good
f3480_48,1.0,3059,good
f3481_39,1.0,3060,good
f3482_33,1.0,3061,good
f3485_45,1.0,3062,good
f3486_00,1.0,3063,good
f3487_02,1.0,3064,good
f3488_35,1.0,3065,good
f3489_38,1.0,3066,good
f3490_39,1.0,3067,good
f3491_31,1.0,3068,good
f3493_27,1.0,3069,good
f3494_34,1.0,3070,good
f3495_01,1.0,3071,good
f3496_38,1.0,3072,good
f3497_42,1.0,3073,good
f3498_04,1.0,3074,good
f3499_36,1.0,3075,good
f3500_08,1.0,3076,good
f3501_06,1.0,3077,good
f3502_45,1.0,3078,good
f3504_46,1.0,3079,good
f3505_39,1.0,3080,good
f3509_42,1.0,3081,good
f3511_46,1.0,3082,good
f3512_31,1.0,3083,good
f3513_47,1.0,3084,good
f3514_20,1.0,3085,good
f3515_26,1.0,3086,good
f3517_27,1.0,3087,good
f3518_46,1.0,3088,good
f3520_45,1.0,3089,good
f3521_09,1.0,3090,good
f3523_31,1.0,3091,good
f3524_43,1.0,3092,good
f3525_29,1.0,3093,good
f3526_34,1.0,3094,good
f3527_33,1.0,3095,good
f3528_35,1.0,3096,good
f3529_11,1.0,3097,good
f3530_32,1.0,3098,good
f3533_31,1.0,3099,good
f3535_09,1.0,3100,good
f3536_49,1.0,3101,good
f3537_23,1.0,3102,good
f3540_36,1.0,3103,good
f3541_02,1.0,3104,good
f3542_00,1.0,3105,good
f3544_20,1.0,3106,good
f3545_06,1.0,3107,good
f3546_36,1.0,3108,good
f3547_04,1.0,3109,good
f3548_40,1.0,3110,good
f3549_47,1.0,3111,good
f3551_12,1.0,3112,good
f3552_12,1.0,3113,good
f3553_12,1.0,3114,good
f3554_18,1.0,3115,good
f3555_14,1.0,3116,good
f3556_19,1.0,3117,good
f3560_17,1.0,3118,good
f3561_09,1.0,3119,good
f3562_47,1.0,3120,good
f3563_46,1.0,3121,good
f3565_45,1.0,3122,good
f3567_49,1.0,3123,good
f3568_48,1.0,3124,good
f3569_18,1.0,3125,good
f3570_15,1.0,3126,good
f3571_20,1.0,3127,good
f3573_02,1.0,3128,good
f3574_30,1.0,3129,good
f3576_04,1.0,3130,good
f3579_30,1.0,3131,good
f3580_22,1.0,3132,good
f3581_23,1.0,3133,good
f3583_09,1.0,3134,good
f3584_47,1.0,3135,good
f3585_49,1.0,3136,good
f3586_05,1.0,3137,good
f3587_27,1.0,3138,good
f3588_33,1.0,3139,good
f3589_24,1.0,3140,good
f3591_14,1.0,3141,good
f3593_26,1.0,3142,good
f3594_23,1.0,3143,good
f3595_18,1.0,3144,good
f3596_19,1.0,3145,good
f3597_18,1.0,3146,good
f3598_35,1.0,3147,good
f3599_19,1.0,3148,good
f3600_46,1.0,3149,good
f3601_49,1.0,3150,good
f3602_12,1.0,3151,good
f3603_14,1.0,3152,good
f3604_21,1.0,3153,good
f3605_17,1.0,3154,good
f3606_19,1.0,3155,good
f3607_15,1.0,3156,good
f3608_13,1.0,3157,good
f3610_45,1.0,3158,good
f3612_13,1.0,3159,good
f3614_06,1.0,3160,good
f3615_49,1.0,3161,good
f3616_07,1.0,3162,good
f3617_43,1.0,3163,good
f3618_26,1.0,3164,good
f3619_19,1.0,3165,good
f3620_07,1.0,3166,good
f3621_14,1.0,3167,good
f3622_43,1.0,3168,good
f3623_42,1.0,3169,good
f3624_44,1.0,3170,good
f3625_17,1.0,3171,good
f3626_35,1.0,3172,good
f3627_46,1.0,3173,good
f3628_27,1.0,3174,good
f3629_19,1.0,3175,good
f3631_34,1.0,3176,good
f3633_29,1.0,3177,good
f3634_16,1.0,3178,good
f3635_09,1.0,3179,good
f3637_45,1.0,3180,good
f3638_42,1.0,3181,good
f3639_43,1.0,3182,good
f3641_13,1.0,3183,good
f3644_26,1.0,3184,good
f3645_14,1.0,3185,good
f3646_15,1.0,3186,good
f3647_13,1.0,3187,good
f3648_17,1.0,3188,good
f3649_28,1.0,3189,good
f3650_20,1.0,3190,good
f3652_48,1.0,3191,good
f3653_40,1.0,3192,good
f3654_03,1.0,3193,good
f3655_18,1.0,3194,good
f3656_42,1.0,3195,good
f3657_40,1.0,3196,good
f3659_25,1.0,3197,good
f3660_26,1.0,3198,good
f3661_19,1.0,3199,good
f3662_24,1.0,3200,good
f3663_13,1.0,3201,good
f3664_18,1.0,3202,good
f3666_48,1.0,3203,good
f3667_35,1.0,3204,good
f3668_33,1.0,3205,good
f3669_35,1.0,3206,good
f3671_04,1.0,3207,good
f3672_20,1.0,3208,good
f3673_48,1.0,3209,good
f3674_32,1.0,3210,good
f3675_24,1.0,3211,good
f3676_37,1.0,3212,good
f3678_17,1.0,3213,good
f3679_06,1.0,3214,good
f3680_36,1.0,3215,good
f3681_31,1.0,3216,good
f3682_45,1.0,3217,good
f3683_06,1.0,3218,good
f3684_46,1.0,3219,good
f3685_08,1.0,3220,good
f3686_49,1.0,3221,good
f3687_48,1.0,3222,good
f3688_07,1.0,3223,good
f3689_09,1.0,3224,good
f3691_47,1.0,3225,good
f3692_49,1.0,3226,good
f3693_03,1.0,3227,good
f3695_42,1.0,3228,good
f3696_44,1.0,3229,good
f3697_32,1.0,3230,good
f3699_41,1.0,3231,good
f3700_25,1.0,3232,good
f3701_44,1.0,3233,good
f3702_47,1.0,3234,good
f3703_10,1.0,3235,good
f3704_45,1.0,3236,good
f3705_48,1.0,3237,good
f3706_37,1.0,3238,good
f3708_28,1.0,3239,good
f3709_31,1.0,3240,good
f3710_43,1.0,3241,good
f3712_14,1.0,3242,good
f3713_40,1.0,3243,good
f3714_05,1.0,3244,good
f3716_43,1.0,3245,good
f3719_06,1.0,3246,good
f3720_15,1.0,3247,good
f3721_04,1.0,3248,good
f3722_39,1.0,3249,good
f3723_03,1.0,3250,good
f3724_32,1.0,3251,good
f3725_39,1.0,3252,good
f3726_09,1.0,3253,good
f3727_12,1.0,3254,good
f3730_33,1.0,3255,good
f3732_30,1.0,3256,good
f3733_48,1.0,3257,good
f3734_01,1.0,3258,good
f3735_09,1.0,3259,good
f3736_09,1.0,3260,good
f3738_16,1.0,3261,good
f3740_01,1.0,3262,good
f3741_12,1.0,3263,good
f3742_12,1.0,3264,good
f3743_12,1.0,3265,good
f3744_12,1.0,3266,good
f3745_12,1.0,3267,good
f3746_12,1.0,3268,good
f3747_12,1.0,3269,good
f3748_29,1.0,3270,good
f3749_27,1.0,3271,good
f3750_00,1.0,3272,good
f3751_39,1.0,3273,good
f3752_35,1.0,3274,good
f3753_43,1.0,3275,good
f3754_42,1.0,3276,good
f3755_33,1.0,3277,good
f3756_06,1.0,3278,good
f3757_19,1.0,3279,good
f3758_19,1.0,3280,good
f3759_43,1.0,3281,good
f3760_06,1.0,3282,good
f3761_12,1.0,3283,good
f3762_40,1.0,3284,good
f3763_41,1.0,3285,good
f3764_37,1.0,3286,good
f3765_44,1.0,3287,good
f3766_48,1.0,3288,good
f3767_45,1.0,3289,good
f3768_02,1.0,3290,good
f3769_10,1.0,3291,good
f3770_21,1.0,3292,good
f3771_15,1.0,3293,good
f3772_10,1.0,3294,good
f3773_14,1.0,3295,good
f3774_21,1.0,3296,good
f3775_12,1.0,3297,good
f3776_05,1.0,3298,good
f3778_23,1.0,3299,good
f3779_49,1.0,3300,good
f3781_28,1.0,3301,good
f3782_00,1.0,3302,good
f3783_47,1.0,3303,good
f3784_14,1.0,3304,good
f3785_26,1.0,3305,good
f3786_04,1.0,3306,good
f3787_15,1.0,3307,good
f3788_14,1.0,3308,good
f3789_16,1.0,3309,good
f3790_48,1.0,3310,good
f3792_21,1.0,3311,good
f3793_06,1.0,3312,good
f3794_17,1.0,3313,good
f3795_00,1.0,3314,good
f3796_14,1.0,3315,good
f3798_08,1.0,3316,good
f3799_11,1.0,3317,good
f3800_17,1.0,3318,good
f3801_00,1.0,3319,good
f3802_05,1.0,3320,good
f3803_39,1.0,3321,good
f3805_07,1.0,3322,good
f3806_01,1.0,3323,good
f3807_11,1.0,3324,good
f3808_45,1.0,3325,good
f3809_17,1.0,3326,good
f3810_05,1.0,3327,good
f3811_12,1.0,3328,good
f3812_06,1.0,3329,good
f3813_08,1.0,3330,good
f3814_43,1.0,3331,good
f3815_34,1.0,3332,good
f3816_24,1.0,3333,good
f3817_22,1.0,3334,good
f3818_27,1.0,3335,good
f3819_19,1.0,3336,good
f3820_39,1.0,3337,good
f3821_06,1.0,3338,good
f3822_47,1.0,3339,good
f3823_46,1.0,3340,good
f3825_12,1.0,3341,good
f3827_08,1.0,3342,good
f3828_24,1.0,3343,good
f3829_26,1.0,3344,good
f3831_41,1.0,3345,good
f3832_04,1.0,3346,good
f3833_03,1.0,3347,good
f3834_35,1.0,3348,good
f3835_39,1.0,3349,good
f3836_27,1.0,3350,good
f3837_30,1.0,3351,good
f3838_46,1.0,3352,good
f3840_05,1.0,3353,good
f3841_01,1.0,3354,good
f3842_45,1.0,3355,good
f3843_30,1.0,3356,good
f3844_11,1.0,3357,good
f3845_39,1.0,3358,good
f3846_02,1.0,3359,good
f3847_24,1.0,3360,good
f3848_28,1.0,3361,good
f3850_20,1.0,3362,good
f3851_19,1.0,3363,good
f3853_22,1.0,3364,good
f3854_08,1.0,3365,good
f3855_47,1.0,3366,good
f3856_34,1.0,3367,good
f3857_01,1.0,3368,good
f3858_25,1.0,3369,good
f3859_23,1.0,3370,good
f3860_20,1.0,3371,good
f3862_40,1.0,3372,good
f3863_30,1.0,3373,good
f3864_42,1.0,3374,good
f3865_26,1.0,3375,good
f3866_43,1.0,3376,good
f3867_42,1.0,3377,good
f3868_35,1.0,3378,good
f3869_23,1.0,3379,good
f3870_03,1.0,3380,good
f3871_42,1.0,3381,good
f3872_39,1.0,3382,good
f3873_37,1.0,3383,good
f3875_35,1.0,3384,good
f3876_02,1.0,3385,good
f3877_11,1.0,3386,good
f3878_43,1.0,3387,good
f3882_22,1.0,3388,good
f3883_18,1.0,3389,good
f3884_40,1.0,3390,good
f3885_04,1.0,3391,good
f3886_02,1.0,3392,good
f3887_39,1.0,3393,good
f3888_32,1.0,3394,good
f3889_26,1.0,3395,good
f3890_40,1.0,3396,good
f3892_07,1.0,3397,good
f3893_01,1.0,3398,good
f3894_37,1.0,3399,good
f3895_38,1.0,3400,good
f3896_07,1.0,3401,good
f3898_28,1.0,3402,good
f3899_30,1.0,3403,good
f3900_35,1.0,3404,good
f3902_40,1.0,3405,good
f3903_05,1.0,3406,good
f3904_45,1.0,3407,good
f3905_45,1.0,3408,good
f3906_44,1.0,3409,good
f3907_43,1.0,3410,good
f3908_41,1.0,3411,good
f3909_46,1.0,3412,good
f3912_15,1.0,3413,good
f3913_01,1.0,3414,good
f3914_30,1.0,3415,good
f3915_05,1.0,3416,good
f3916_23,1.0,3417,good
f3917_03,1.0,3418,good
f3918_03,1.0,3419,good
f3919_18,1.0,3420,good
f3921_41,1.0,3421,good
f3922_38,1.0,3422,good
f3923_00,1.0,3423,good
f3924_24,1.0,3424,good
f3925_41,1.0,3425,good
f3926_17,1.0,3426,good
f3927_00,1.0,3427,good
f3928_39,1.0,3428,good
f3929_28,1.0,3429,good
f3930_25,1.0,3430,good
f3931_13,1.0,3431,good
f3932_35,1.0,3432,good
f3933_30,1.0,3433,good
f3934_45,1.0,3434,good
f3936_41,1.0,3435,good
f3937_40,1.0,3436,good
f3938_46,1.0,3437,good
f3939_49,1.0,3438,good
f3940_26,1.0,3439,good
f3941_08,1.0,3440,good
f3942_06,1.0,3441,good
f3943_12,1.0,3442,good
f3944_02,1.0,3443,good
f3945_00,1.0,3444,good
f3946_04,1.0,3445,good
f3947_36,1.0,3446,good
f3948_41,1.0,3447,good
f3949_09,1.0,3448,good
f3950_44,1.0,3449,good
f3951_33,1.0,3450,good
f3951_47,1.0,3451,good
f3952_40,1.0,3452,good
f3953_28,1.0,3453,good
f3954_30,1.0,3454,good
f3955_03,1.0,3455,good
f3957_18,1.0,3456,good
f3958_42,1.0,3457,good
f3960_19,1.0,3458,good
f3961_03,1.0,3459,good
f3962_36,1.0,3460,good
f3963_34,1.0,3461,good
f3964_40,1.0,3462,good
f3965_14,1.0,3463,good
f3966_01,1.0,3464,good
f3967_43,1.0,3465,good
f3968_18,1.0,3466,good
f3969_02,1.0,3467,good
f3970_25,1.0,3468,good
f3971_41,1.0,3469,good
f3972_19,1.0,3470,good
f3973_27,1.0,3471,good
f3974_03,1.0,3472,good
f3975_15,1.0,3473,good
f3976_36,1.0,3474,good
f3977_39,1.0,3475,good
f3978_35,1.0,3476,good
f3979_36,1.0,3477,good
f3981_38,1.0,3478,good
f3982_48,1.0,3479,good
f3983_27,1.0,3480,good
f3985_04,1.0,3481,good
f3986_31,1.0,3482,good
f3987_13,1.0,3483,good
f3988_14,1.0,3484,good
f3989_21,1.0,3485,good
f3990_02,1.0,3486,good
f3991_38,1.0,3487,good
f3992_46,1.0,3488,good
f3994_27,1.0,3489,good
f3995_18,1.0,3490,good
f3996_02,1.0,3491,good
f3997_45,1.0,3492,good
f3998_40,1.0,3493,good
f3999_42,1.0,3494,good
f4000_40,1.0,3495,good
f4001_45,1.0,3496,good
f4002_46,1.0,3497,good
f4003_07,1.0,3498,good
f4004_35,1.0,3499,good
f4005_01,1.0,3500,good
f4006_12,1.0,3501,good
f4007_21,1.0,3502,good
f4008_34,1.0,3503,good
f4009_27,1.0,3504,good
f4010_12,1.0,3505,good
f4011_12,1.0,3506,good
f4012_13,1.0,3507,good
f4013_32,1.0,3508,good
f4014_43,1.0,3509,good
f4015_05,1.0,3510,good
f4017_11,1.0,3511,good
f4018_10,1.0,3512,good
f4019_00,1.0,3513,good
f4020_15,1.0,3514,good
f4021_01,1.0,3515,good
f4022_12,1.0,3516,good
f4023_00,1.0,3517,good
f4024_12,1.0,3518,good
f4025_17,1.0,3519,good
f4026_43,1.0,3520,good
f4027_34,1.0,3521,good
f4028_44,1.0,3522,good
f4029_29,1.0,3523,good
f4030_29,1.0,3524,good
f4031_33,1.0,3525,good
f4032_33,1.0,3526,good
f4033_05,1.0,3527,good
f4034_28,1.0,3528,good
f4035_29,1.0,3529,good
f4037_48,1.0,3530,good
f4038_15,1.0,3531,good
f4040_28,1.0,3532,good
f4041_39,1.0,3533,good
f4042_33,1.0,3534,good
f4043_08,1.0,3535,good
f4046_46,1.0,3536,good
f4047_15,1.0,3537,good
f4048_24,1.0,3538,good
f4049_18,1.0,3539,good
f4051_49,1.0,3540,good
f4052_33,1.0,3541,good
f4053_14,1.0,3542,good
f4054_12,1.0,3543,good
f4055_44,1.0,3544,good
f4056_41,1.0,3545,good
f4057_40,1.0,3546,good
f4059_48,1.0,3547,good
f4062_17,1.0,3548,good
f4064_46,1.0,3549,good
f4065_47,1.0,3550,good
f4066_22,1.0,3551,good
f4067_23,1.0,3552,good
f4068_21,1.0,3553,good
f4069_03,1.0,3554,good
f4070_43,1.0,3555,good
f4071_32,1.0,3556,good
f4072_44,1.0,3557,good
f4073_38,1.0,3558,good
f4074_12,1.0,3559,good
f4075_12,1.0,3560,good
f4076_42,1.0,3561,good
f4077_42,1.0,3562,good
f4078_05,1.0,3563,good
f4079_43,1.0,3564,good
f4080_22,1.0,3565,good
f4081_24,1.0,3566,good
f4082_29,1.0,3567,good
f4084_14,1.0,3568,good
f4085_42,1.0,3569,good
f4087_40,1.0,3570,good
f4088_26,1.0,3571,good
f4089_12,1.0,3572,good
f4090_35,1.0,3573,good
f4091_23,1.0,3574,good
f4092_24,1.0,3575,good
f4094_49,1.0,3576,good
f4095_43,1.0,3577,good
f4096_14,1.0,3578,good
f4097_41,1.0,3579,good
f4099_10,1.0,3580,good
