patience,margin,variant,stage,arms,fixed_mean,rule_mean,gain,fires,oracle_mean
20,0.0,checkpoint_best,aggfull,19,0.05823128291545769,0.0804330996810671,0.022201816765609412,19,0.08313908991002379
20,0.0,checkpoint_best,regfull,28,0.08257616235373402,0.08659032276744938,0.004014160413715361,10,0.08977859535693294
20,0.0,checkpoint_best,combo,18,0.08864049291226464,0.09171967067241912,0.0030791777601544834,11,0.0943614865700586
20,0.0,checkpoint_best,c10d10,5,0.07813374822038222,0.08699883580771486,0.008865087587332643,4,0.0902005816132847
20,0.0,checkpoint_best,five,5,0.08474468803781539,0.1094324706447229,0.024687782606907516,4,0.1133259506085293
20,0.0,checkpoint_best,c20d10,3,0.08328391803290729,0.08328391803290729,0.0,0,0.08625568475109087
20,0.0,checkpoint_best,c20d20,3,0.08370515790981392,0.08370515790981392,0.0,0,0.08685484764278406
20,0.0,checkpoint_best,extreme,2,0.0456541237132137,0.1613717829260377,0.11571765921282401,2,0.1613717829260377
20,0.0,checkpoint_best,all,83,0.07735811385860954,0.08927204011415457,0.011913926255545042,50,0.0921886501287759
