stage,cell,family,folds,rounds,fire_round,kept_round,kept_score,final_score,gain
aggfull,anchor_h2,parallel,5,100,86,66,0.08097737650318781,0.07584345803837456,0.0051339184648132585
aggfull,control_fedavg,cyclic,5,100,68,48,0.08147576446287286,0.061858533983967456,0.0196172304789054
aggfull,control_fedavg,parallel,5,100,87,67,0.0794422305192698,0.06391044824394299,0.015531782275326811
aggfull,control_fedavg_earlystop,cyclic,5,100,58,38,0.08400363003472833,0.07081173984297584,0.013191890191752487
aggfull,control_fedavg_earlystop,parallel,5,100,68,48,0.08157378822572481,0.06368340677002926,0.017890381455695548
aggfull,eta_0p95,parallel,5,100,65,45,0.08229542739889328,0.06635104435545702,0.01594438304343626
aggfull,fedadam_lr0p001_tau1em06,parallel,5,100,54,34,0.07306748295910259,0.03471107656198669,0.038356406397115905
aggfull,fedavgm_b0p3,parallel,5,100,58,38,0.08301903496178753,0.05074250367608513,0.0322765312857024
aggfull,fedyogi_lr0p001_tau1em08,parallel,5,100,53,33,0.07606989437260081,0.03639930352044729,0.03967059085215352
aggfull,median,parallel,5,100,86,66,0.0747281484471759,0.049500593162980944,0.025227555284194958
aggfull,seq_delta_capped,cyclic,5,100,94,74,0.08100593409300283,0.0698485795999606,0.011157354493042226
aggfull,seq_delta_scaled,cyclic,5,100,63,43,0.08771270612609117,0.061955667761285804,0.025757038364805362
aggfull,seq_equal,cyclic,5,100,58,38,0.08168444771563432,0.047847123434282435,0.03383732428135189
aggfull,seq_fedavg,cyclic,5,100,62,42,0.0836630109657488,0.06897075042573975,0.01469226054000905
aggfull,seq_incremental,cyclic,5,100,74,54,0.06526797268620599,0.03838800192259817,0.02687997076360782
aggfull,seq_mix_r0p3,cyclic,5,100,62,42,0.08732887160490632,0.06664087762756388,0.020687993977342445
aggfull,seq_order_shuffle,cyclic,5,100,88,68,0.08023880150328866,0.059188453582485145,0.021050347920803514
aggfull,trimmed_t3,parallel,5,100,94,74,0.07656180742372154,0.05330627432906454,0.023255533094657
aggfull,weight_q0,parallel,5,100,64,44,0.0881125639363316,0.06643653855446863,0.021676025381862973
regfull,blend_lam0p1_T0p25_mix0p5,cyclic,5,100,,100,0.08063126308198587,0.08063126308198587,0.0
regfull,blend_lam0p1_T0p5_mix0p25,parallel,5,100,,100,0.08245576054066284,0.08245576054066284,0.0
regfull,feature_l2_lam0p001,parallel,5,100,84,64,0.08541220218946721,0.06944881100327815,0.015963391186189058
regfull,feature_l2_lam0p01,cyclic,5,100,95,75,0.08663644113961744,0.0775986842311176,0.009037756908499839
regfull,fisher_lam0p1,cyclic,5,100,,100,0.08133821631013838,0.08133821631013838,0.0
regfull,fisher_lam8,parallel,5,100,,100,0.08004331926440744,0.08004331926440744,0.0
regfull,fisher_scaled_lam0p1,cyclic,5,100,,100,0.08183472591775587,0.08183472591775587,0.0
regfull,fisher_scaled_lam50,parallel,5,100,,100,0.07308078926334327,0.07308078926334327,0.0
regfull,hybrid_mix0p25,cyclic,5,100,,100,0.08678578776670642,0.08678578776670642,0.0
regfull,hybrid_mix0p25,parallel,5,100,,100,0.0851718788052358,0.0851718788052358,0.0
regfull,hybrid_mix0p5,cyclic,5,100,,100,0.094553898541207,0.094553898541207,0.0
regfull,hybrid_mix0p5,parallel,5,100,,100,0.07985457510067695,0.07985457510067695,0.0
regfull,hybrid_mix0p75,cyclic,5,100,,100,0.08285359706929052,0.08285359706929052,0.0
regfull,hybrid_mix0p75,parallel,5,100,,100,0.07969781653549135,0.07969781653549135,0.0
regfull,hybrid_seq_mix0p25,cyclic,5,100,,100,0.08647566709981347,0.08647566709981347,0.0
regfull,hybrid_seq_mix0p25,parallel,5,100,,100,0.08626316615262886,0.08626316615262886,0.0
regfull,hybrid_seq_mix0p5,cyclic,5,100,,100,0.08893977938614017,0.08893977938614017,0.0
regfull,hybrid_seq_mix0p5,parallel,5,100,,100,0.08866060524214958,0.08866060524214958,0.0
regfull,hybrid_seq_mix0p75,cyclic,5,100,,100,0.09054929419806423,0.09054929419806423,0.0
regfull,hybrid_seq_mix0p75,parallel,5,100,,100,0.08192807030753169,0.08192807030753169,0.0
regfull,kd_T0p25_a0p9,parallel,5,100,79,59,0.0873746472283824,0.07341853718829972,0.013956110040082681
regfull,kd_T2_a0p99,cyclic,5,100,66,46,0.09090619114852094,0.07653717527117188,0.014369015877349067
regfull,logit_l2_lam0p001,parallel,5,100,96,76,0.10142751586589194,0.09242299189275571,0.009004523973136225
regfull,logit_l2_lam0p003,cyclic,5,100,69,49,0.0973045380029367,0.08881685692374275,0.008487681079193954
regfull,ntd_b0p01_t0p5,parallel,5,100,90,70,0.09473899565939048,0.08588711819568162,0.008851877463708857
regfull,ntd_b0p01_t2,cyclic,5,100,99,79,0.10151684597496247,0.09661570665455255,0.00490113932040992
regfull,param_l2_mu0,cyclic,5,100,95,75,0.0781996163512837,0.06468759688369541,0.013512019467588288
regfull,param_l2_mu0p0001,parallel,5,100,97,77,0.08989383334489964,0.07558085707702744,0.014312976267872202
combo,anchor_h2_hybrid_seq_mix0p5,parallel,5,100,,100,0.08443181471422834,0.08443181471422834,0.0
combo,anchor_h2_logit_l2_lam0p001,parallel,5,100,,100,0.09064512046166828,0.09064512046166828,0.0
combo,anchor_h2_ntd_b0p01_t0p5,parallel,5,100,,100,0.09470281446085782,0.09470281446085782,0.0
combo,eta_0p95_hybrid_seq_mix0p5,parallel,5,100,,100,0.08384790083493543,0.08384790083493543,0.0
combo,eta_0p95_logit_l2_lam0p001,parallel,5,100,87,67,0.10097391487742036,0.09269265829102091,0.008281256586399444
combo,eta_0p95_ntd_b0p01_t0p5,parallel,5,100,92,72,0.09746096289355455,0.08971168171716748,0.007749281176387068
combo,seq_delta_capped_hybrid_mix0p5,cyclic,5,100,,100,0.0810541821646652,0.0810541821646652,0.0
combo,seq_delta_capped_logit_l2_lam0p003,cyclic,5,100,77,57,0.09627242367674527,0.08823183290796333,0.008040590768781941
combo,seq_delta_capped_ntd_b0p01_t2,cyclic,5,100,87,67,0.09781711830319151,0.09366902873833693,0.0041480895648545735
combo,seq_fedavg_hybrid_mix0p5,cyclic,5,100,,100,0.07919177560693169,0.07919177560693169,0.0
combo,seq_fedavg_logit_l2_lam0p003,cyclic,5,100,72,52,0.09756855905823536,0.08940734274145823,0.008161216316777131
combo,seq_fedavg_ntd_b0p01_t2,cyclic,5,100,88,68,0.09822540901313837,0.09384362268613788,0.004381786327000481
combo,seq_mix_r0p3_hybrid_mix0p5,cyclic,5,100,,100,0.08059750909254404,0.08059750909254404,0.0
combo,seq_mix_r0p3_logit_l2_lam0p003,cyclic,5,100,70,50,0.09827095796920193,0.09238659989705367,0.005884358072148266
combo,seq_mix_r0p3_ntd_b0p01_t2,cyclic,5,100,99,79,0.09678867037181749,0.0921147793664141,0.0046738910054033855
combo,weight_q0_hybrid_seq_mix0p5,parallel,5,100,74,54,0.08413973264456764,0.08911529061545997,-0.00497555797089233
combo,weight_q0_logit_l2_lam0p001,parallel,5,100,97,77,0.09645389734765897,0.0883654846823132,0.008088412665345768
combo,weight_q0_ntd_b0p01_t0p5,parallel,5,100,82,62,0.09251130861218204,0.09151943344160707,0.000991875170574974
c10d10,balanced,parallel,5,100,,100,0.08083552525091076,0.08083552525091076,0.0
c10d10,control,cyclic,5,100,83,63,0.0792037086240065,0.06242915690342887,0.016774551720577624
c10d10,control,parallel,5,100,90,70,0.07705744400123349,0.06123168916363586,0.015825754837597628
c10d10,sequential,cyclic,5,100,99,79,0.09831566212918108,0.0951000427487273,0.0032156193804537825
c10d10,winner,parallel,5,100,83,63,0.09958183903324247,0.09107232703520829,0.00850951199803418
five,balanced,parallel,5,100,65,45,0.10944010422610118,0.09636688059886045,0.013073223627240727
five,control,cyclic,5,100,45,25,0.1152697624505844,0.05424492669822534,0.06102483575235906
five,control,parallel,5,100,74,54,0.09207863182288667,0.05738011623830308,0.03469851558458359
five,sequential,cyclic,5,100,64,44,0.12424800244194334,0.10960566437158914,0.0146423380703542
five,winner,parallel,5,100,,100,0.10612585228209892,0.10612585228209892,0.0
c20d10,balanced,parallel,5,100,,100,0.07781247311140649,0.07781247311140649,0.0
c20d10,sequential,cyclic,5,100,,100,0.09107522539984592,0.09107522539984592,0.0
c20d10,winner,parallel,5,100,,100,0.08096405558746944,0.08096405558746944,0.0
c20d20,balanced,parallel,5,100,,100,0.07368880525990429,0.07368880525990429,0.0
c20d20,sequential,cyclic,5,100,,100,0.09195625624971682,0.09195625624971682,0.0
c20d20,winner,parallel,5,100,,100,0.08547041221982066,0.08547041221982066,0.0
extreme,double,parallel,5,100,56,36,0.15679144223707087,0.097219959185461,0.059571483051609864
extreme,dual,parallel,5,100,28,8,0.16595212361500455,-0.0059117117590336,0.17186383537403815
