patience,margin,variant,arms,mean_score,mean_gain,fires,extreme_mean_gain,nonextreme_mean_score,worst_arm,worst_arm_gain,arms_hurt
3,0.0,stop_at_fire,83,0.06862652467421775,-0.009869458366713955,83,0.10199256972919002,0.06510667811773874,regfull/hybrid_mix0p5/cyclic,-0.05157994283809397,55
3,0.0,checkpoint_best,83,0.07313468425394938,-0.005361298786982315,83,0.107665652494215,0.06958607416203104,regfull/hybrid_mix0p5/cyclic,-0.05158751312933174,51
3,0.001,stop_at_fire,83,0.06636748542848595,-0.012128497612445758,83,0.10294460708941877,0.06276835302988445,regfull/hybrid_mix0p5/cyclic,-0.06520174972379489,59
3,0.001,checkpoint_best,83,0.07023822019163163,-0.008257762849300068,83,0.107665652494215,0.06661809246854494,regfull/hybrid_mix0p5/cyclic,-0.06013790169510047,54
3,0.0025,stop_at_fire,83,0.06567998311020139,-0.012815999930730307,83,0.10294460708941877,0.06206387534571633,regfull/hybrid_mix0p5/cyclic,-0.06520174972379489,60
3,0.0025,checkpoint_best,83,0.0687477504900166,-0.00974823255091511,83,0.107665652494215,0.06509082104590237,regfull/hybrid_mix0p5/cyclic,-0.06013790169510047,57
3,0.005,stop_at_fire,83,0.057629244104382,-0.020866738936549695,83,0.10294460708941877,0.05381435266074091,regfull/hybrid_mix0p5/cyclic,-0.06520174972379489,68
3,0.005,checkpoint_best,83,0.05952659705465969,-0.01896938598627201,83,0.107665652494215,0.05564198480967245,c20d20/sequential/cyclic,-0.06241054220677056,67
5,0.0,stop_at_fire,83,0.07671779696510467,-0.0017781860758270221,83,0.09622723120529086,0.07354008894726236,regfull/hybrid_mix0p5/cyclic,-0.044270703869871086,50
5,0.0,checkpoint_best,83,0.08174495150980221,0.0032489684688705132,83,0.107665652494215,0.0784089406093864,regfull/hybrid_mix0p5/cyclic,-0.04028615888516962,42
5,0.001,stop_at_fire,83,0.0746699840077553,-0.0038259990331763844,83,0.09780535459828188,0.071402746697312,regfull/hybrid_mix0p5/cyclic,-0.044270703869871086,51
5,0.001,checkpoint_best,83,0.07858145121817783,8.546817724613228e-05,83,0.107665652494215,0.07516732919945031,regfull/hybrid_mix0p5/cyclic,-0.04028615888516962,47
5,0.0025,stop_at_fire,83,0.07373163648018581,-0.0047643465607458794,83,0.09780535459828188,0.0704412300949877,regfull/hybrid_mix0p5/cyclic,-0.044270703869871086,53
5,0.0025,checkpoint_best,83,0.07710389349479256,-0.0013920895461391326,83,0.107665652494215,0.07365328856931479,regfull/hybrid_mix0p5/cyclic,-0.04028615888516962,50
5,0.005,stop_at_fire,83,0.06913281571356193,-0.00936316732736977,83,0.09780535459828188,0.06572885819832372,regfull/fisher_lam8/parallel,-0.05441074998626372,59
5,0.005,checkpoint_best,83,0.07220148245114962,-0.006294500589782082,83,0.107665652494215,0.06862983033940905,regfull/fisher_lam8/parallel,-0.05441074998626372,53
10,0.0,stop_at_fire,83,0.08287277090801522,0.00437678786708352,77,0.09883704747022287,0.07978259764765386,regfull/hybrid_mix0p5/cyclic,-0.025344889204011567,34
10,0.0,checkpoint_best,83,0.08886415245248469,0.010368169411552991,77,0.11228051458443933,0.08558997707929007,regfull/hybrid_mix0p5/cyclic,-0.021818764131369628,19
10,0.001,stop_at_fire,83,0.08217131751499929,0.0036753344740675952,83,0.0987342789249071,0.0790663619127194,regfull/hybrid_mix0p5/cyclic,-0.040452496680602246,40
10,0.001,checkpoint_best,83,0.08692986842532084,0.008433885384389142,83,0.107665652494215,0.08372188016479438,regfull/hybrid_mix0p5/cyclic,-0.032661057735199894,29
10,0.0025,stop_at_fire,83,0.0807637802781278,0.0022677972371961046,83,0.0987342789249071,0.07762407066999924,regfull/hybrid_mix0p5/cyclic,-0.040452496680602246,46
10,0.0025,checkpoint_best,83,0.08490897121273715,0.006412988171805451,83,0.107665652494215,0.08165108425560368,regfull/hybrid_mix0p5/cyclic,-0.032661057735199894,38
10,0.005,stop_at_fire,83,0.07861389310930321,0.00011791006837150877,83,0.0987342789249071,0.07542109986737651,regfull/hybrid_mix0p5/cyclic,-0.040452496680602246,49
10,0.005,checkpoint_best,83,0.0827290381395492,0.004233055098617496,83,0.107665652494215,0.07941732567443578,regfull/hybrid_mix0p5/cyclic,-0.032661057735199894,41
20,0.0,stop_at_fire,83,0.08343157711050975,0.004935594069578052,50,0.0836595604738915,0.08072995429950211,combo/weight_q0_hybrid_seq_mix0p5/parallel,-0.013329860413733408,13
20,0.0,checkpoint_best,83,0.09040990929647674,0.011913926255545042,50,0.11571765921282401,0.08708903299033414,combo/weight_q0_hybrid_seq_mix0p5/parallel,-0.00497555797089233,1
20,0.001,stop_at_fire,83,0.08343061594664629,0.004934632905714587,59,0.0836595604738915,0.08072896940319757,combo/weight_q0_hybrid_seq_mix0p5/parallel,-0.013329860413733408,21
20,0.001,checkpoint_best,83,0.09018077917556959,0.011684796134637887,59,0.11571765921282401,0.08685424533557744,regfull/fisher_scaled_lam50/parallel,-0.00554865583642572,8
20,0.0025,stop_at_fire,83,0.08388332282894703,0.00538733978801534,73,0.0836595604738915,0.08119285423320946,combo/weight_q0_hybrid_seq_mix0p5/parallel,-0.013329860413733408,29
20,0.0025,checkpoint_best,83,0.090297759818105,0.011801776777173315,73,0.11571765921282401,0.08697411438903967,regfull/hybrid_seq_mix0p25/parallel,-0.005857396072383447,16
20,0.005,stop_at_fire,83,0.0826267007519586,0.00413071771102691,82,0.0836595604738915,0.07990520445061637,regfull/hybrid_mix0p5/parallel,-0.016227350270552554,38
20,0.005,checkpoint_best,83,0.0889428778963235,0.010446894855391806,82,0.11571765921282401,0.08558577859264627,regfull/hybrid_seq_mix0p5/parallel,-0.011806238908334876,27
