stage,cell,family,folds,rounds,final_round,final_adaptation,final_preservation,final_score,oracle_round,oracle_adaptation,oracle_preservation,oracle_score,oracle_cost,best_signal,best_delta,best_round,best_adaptation,best_preservation,best_score,best_vs_final,one_signal,one_delta,one_round,one_adaptation,one_preservation,one_score,one_vs_final
aggfull,anchor_h2,parallel,5,100,100,0.9184269823453948,0.9784871634619958,0.07584345803837456,44,0.9193138852327318,0.987647152042115,0.08589034950583074,0.010046891467456187,proxy_acc,0.05,63,0.9193794076789078,0.9813363869178369,0.07964510682772863,0.003801648789354073,proxy_acc,0.05,63,0.9193794076789078,0.9813363869178369,0.07964510682772863,0.003801648789354073
aggfull,control_fedavg_earlystop,cyclic,5,100,100,0.9212618544167384,0.9706205731952535,0.07081173984297584,38,0.9185301939925676,0.9865441238111767,0.08400363003472833,0.013191890191752487,proxy_acc,0.05,59,0.9156115337054863,0.9808446303434182,0.07538547627988845,0.004573736436912612,proxy_acc,0.05,59,0.9156115337054863,0.9808446303434182,0.07538547627988845,0.004573736436912612
aggfull,seq_delta_capped,cyclic,5,100,100,0.9174519035454219,0.9734673638235547,0.0698485795999606,38,0.9165582889115961,0.9877243866428252,0.08321198778540528,0.01336340818544468,proxy_acc,0.05,65,0.9203006992588343,0.9805390740191954,0.07976908550901363,0.009920505909053023,proxy_acc,0.05,65,0.9203006992588343,0.9805390740191954,0.07976908550901363,0.009920505909053023
aggfull,seq_fedavg,cyclic,5,100,100,0.9185092179279363,0.9715322202668195,0.06897075042573975,31,0.9166252185569095,0.9887905516174531,0.08434508240534655,0.015374331979606803,proxy_kl,0.2,26,0.9099702585907211,0.9902707229901431,0.07917029381184815,0.0101995433861084,proxy_acc,0.05,57,0.9146202072138538,0.9816404514392504,0.07518997088408819,0.00621922045834844
aggfull,seq_mix_r0p3,cyclic,5,100,100,0.9156834163570576,0.9720281490395223,0.06664087762756388,37,0.9221843579537872,0.9873057846546972,0.08841945483946834,0.02177857721190446,proxy_kl,0.2,24,0.9111065785207523,0.9900822576720536,0.08011814842378984,0.01347727079622596,proxy_acc,0.05,61,0.9185048302310385,0.9792080547445731,0.07664219720659549,0.010001319579031609
aggfull,weight_q0,parallel,5,100,100,0.9156354446984734,0.9718717816250113,0.06643653855446863,44,0.9222575686052686,0.986925683100079,0.0881125639363316,0.021676025381862973,proxy_kl,0.2,27,0.908108617579485,0.9908028119078812,0.0778407417183502,0.011404203163881577,proxy_acc,0.05,65,0.9174178099595016,0.9799680409678628,0.07631516315834841,0.009878624603879782
aggfull,eta_0p95,parallel,5,100,100,0.9175613506293581,0.969860381495115,0.06635104435545702,27,0.9155954107824589,0.9895103724008494,0.08403509541429222,0.017684051058835193,proxy_kl,0.2,21,0.9072533138904404,0.9906920535789893,0.07687467970041362,0.010523635344956594,proxy_acc,0.05,56,0.909046327189108,0.9814145706254516,0.06939021004554358,0.003039165690086554
aggfull,control_fedavg,parallel,5,100,100,0.9137918991187622,0.9711892368941968,0.06391044824394299,57,0.9193958257086043,0.983162762437312,0.08148790037690035,0.01757745213295736,proxy_acc,0.05,60,0.9166210011980485,0.9797390313930245,0.07528934482205696,0.011378896578113973,proxy_acc,0.05,60,0.9166210011980485,0.9797390313930245,0.07528934482205696,0.011378896578113973
aggfull,control_fedavg_earlystop,parallel,5,100,100,0.9165700241377257,0.9681840704013196,0.06368340677002926,38,0.9167076700468927,0.9873409265455473,0.08297790882342393,0.01929450205339467,proxy_kl,0.2,20,0.9081189000370723,0.9916402170933543,0.07868842936141052,0.015005022591381256,proxy_acc,0.05,56,0.9138469687693139,0.9800036239264054,0.07277990492670328,0.009096498156674016
aggfull,seq_delta_scaled,cyclic,5,100,100,0.9119871754979432,0.9710391800323587,0.061955667761285804,39,0.9231009667301467,0.9873066418376519,0.08933692079878264,0.027381253037496833,proxy_kl,0.2,27,0.9099924466124749,0.9908421896679621,0.07976394851142099,0.017808280750135186,proxy_acc,0.05,75,0.9129186247668248,0.9793966403873695,0.07124457738517831,0.009288909623892505
aggfull,control_fedavg,cyclic,5,100,100,0.9118528756665885,0.971076346086395,0.061858533983967456,43,0.9184566882344172,0.9843786469449783,0.08176464741037948,0.01990611342641202,proxy_acc,0.05,54,0.9165314180862753,0.98281843468921,0.07827916500646925,0.016420631022501797,proxy_acc,0.05,54,0.9165314180862753,0.98281843468921,0.07827916500646925,0.016420631022501797
aggfull,seq_order_shuffle,cyclic,5,100,100,0.9099824592615566,0.9702766820899446,0.059188453582485145,35,0.9137995873240677,0.988026541897912,0.08075544145296365,0.021566987870478505,proxy_acc,0.05,53,0.916694041511493,0.981718419734729,0.07734177347720594,0.0181533198947208,proxy_acc,0.05,53,0.916694041511493,0.981718419734729,0.07734177347720594,0.0181533198947208
aggfull,trimmed_t3,parallel,5,100,100,0.9073670032372158,0.9670099588608648,0.05330627432906454,42,0.9184953398552723,0.9804001699618122,0.07782482204806851,0.02451854771900397,proxy_acc,0.05,53,0.9194391145636217,0.9782437649729558,0.07661219176756151,0.02330591743849697,proxy_acc,0.05,53,0.9194391145636217,0.9782437649729558,0.07661219176756151,0.02330591743849697
aggfull,fedavgm_b0p3,parallel,5,100,100,0.9100137633531801,0.9617994280919211,0.05074250367608513,20,0.9176074745480771,0.9894738761571914,0.08601066293625248,0.03526815926016735,kl_global_to_current,0.5,12,0.9044390772076544,0.9905015154241258,0.07386990486276412,0.023127401186678997,proxy_acc,0.05,42,0.9137455049973523,0.9786713608232719,0.07134617805160814,0.020603674375523018
aggfull,median,parallel,5,100,100,0.9043709149397919,0.966200365992205,0.049500593162980944,45,0.9204511220132164,0.9825188988109529,0.08189933305515329,0.032398739892172346,proxy_acc,0.05,55,0.9148727295229405,0.9728601802137633,0.06666222196768778,0.01716162880470684,proxy_acc,0.05,55,0.9148727295229405,0.9728601802137633,0.06666222196768778,0.01716162880470684
aggfull,seq_equal,cyclic,5,100,100,0.9128650078848154,0.9560528033184831,0.047847123434282435,17,0.9203615389014432,0.9865093602038206,0.08580021133624782,0.03795308790196539,proxy_kl,0.2,9,0.9100224931775711,0.9892493452501494,0.07820115065870448,0.030354027224422042,proxy_acc,0.05,28,0.9194871317916107,0.9789856852411255,0.07740212926372014,0.029555005829437708
aggfull,seq_incremental,cyclic,5,100,100,0.901493024216122,0.9579656654754922,0.03838800192259817,17,0.9081652398632329,0.9877278762438912,0.07482242833810815,0.03643442641550998,proxy_kl,0.5,33,0.8996873697058909,0.9716121516036743,0.05022883354054919,0.01184083161795102,proxy_acc,0.05,5,0.8714643806116116,0.9887238169696708,0.03911750981226636,0.0007295078896681906
aggfull,fedyogi_lr0p001_tau1em08,parallel,5,100,100,0.9025109719958109,0.9549590192936525,0.03639930352044729,17,0.9156892568224978,0.9834272600716409,0.0780458291251227,0.04164652560467541,proxy_kl,0.5,30,0.9213173439425912,0.9743411517153396,0.07458780788891484,0.038188504368467546,proxy_acc,0.05,4,0.8538923464243577,0.9885590077470499,0.021380666402391557,-0.015018637118055733
aggfull,fedadam_lr0p001_tau1em06,parallel,5,100,100,0.9073627154049718,0.9484190489260309,0.03471107656198669,18,0.9203651345165199,0.9816039919201422,0.08089843866764612,0.046187362105659435,proxy_kl,0.5,29,0.9175823266939894,0.9738110161207814,0.07032265504575475,0.03561157848376806,proxy_acc,0.05,4,0.8443038856785657,0.9865080432467207,0.009741241156270397,-0.02496983540571629
regfull,ntd_b0p01_t2,cyclic,5,100,100,0.9269615995551168,0.9907247948684518,0.09661570665455255,79,0.9317101768865096,0.9908773568574689,0.10151684597496247,0.00490113932040992,dist_fisher_to_global,0.001,100,0.9269615995551168,0.9907247948684518,0.09661570665455255,0.0,proxy_acc,0.05,100,0.9269615995551168,0.9907247948684518,0.09661570665455255,0.0
regfull,hybrid_mix0p5,cyclic,5,100,100,0.9241001517651216,0.9915244345451014,0.094553898541207,100,0.9241001517651216,0.9915244345451014,0.094553898541207,0.0,dist_fisher_to_global,0.001,100,0.9241001517651216,0.9915244345451014,0.094553898541207,0.0,proxy_acc,0.05,100,0.9241001517651216,0.9915244345451014,0.094553898541207,0.0
regfull,logit_l2_lam0p001,parallel,5,100,100,0.9252012519778055,0.9882924276839663,0.09242299189275571,76,0.9336314000138274,0.9888668036210806,0.10142751586589194,0.009004523973136225,dist_fisher_to_global,0.001,100,0.9252012519778055,0.9882924276839663,0.09242299189275571,0.0,proxy_acc,0.05,100,0.9252012519778055,0.9882924276839663,0.09242299189275571,0.0
regfull,hybrid_seq_mix0p75,cyclic,5,100,100,0.9194137963714971,0.9922061855955832,0.09054929419806423,95,0.9250014297002749,0.9924364565727777,0.09636719850403652,0.005817904305972288,dist_fisher_to_global,0.001,100,0.9194137963714971,0.9922061855955832,0.09054929419806423,0.0,proxy_acc,0.05,100,0.9194137963714971,0.9922061855955832,0.09054929419806423,0.0
regfull,hybrid_seq_mix0p5,cyclic,5,100,100,0.9174958737525869,0.9925145934025693,0.08893977938614017,97,0.924079050931858,0.9916403053238421,0.09464866848668407,0.005708889100543901,dist_fisher_to_global,0.001,100,0.9174958737525869,0.9925145934025693,0.08893977938614017,0.0,proxy_acc,0.05,100,0.9174958737525869,0.9925145934025693,0.08893977938614017,0.0
regfull,logit_l2_lam0p003,cyclic,5,100,100,0.920379509564336,0.9895080351284228,0.08881685692374275,49,0.9260538909411853,0.9923213348307675,0.0973045380029367,0.008487681079193954,dist_fisher_to_global,0.001,100,0.920379509564336,0.9895080351284228,0.08881685692374275,0.0,proxy_acc,0.05,100,0.920379509564336,0.9895080351284228,0.08881685692374275,0.0
regfull,hybrid_seq_mix0p5,parallel,5,100,100,0.9166474521480681,0.9930838408630975,0.08866060524214958,98,0.9222052092497864,0.9922855739865761,0.09342009546734653,0.0047594902251969495,dist_fisher_to_global,0.001,100,0.9166474521480681,0.9930838408630975,0.08866060524214958,0.0,proxy_acc,0.05,100,0.9166474521480681,0.9930838408630975,0.08866060524214958,0.0
regfull,hybrid_mix0p25,cyclic,5,100,100,0.9165595713421014,0.991296904193621,0.08678578776670642,99,0.9175257044102415,0.9904242260486751,0.08687924268990055,9.345492319412507e-05,dist_fisher_to_global,0.001,100,0.9165595713421014,0.991296904193621,0.08678578776670642,0.0,proxy_acc,0.05,100,0.9165595713421014,0.991296904193621,0.08678578776670642,0.0
regfull,hybrid_seq_mix0p25,cyclic,5,100,100,0.9157549496067106,0.991791405262119,0.08647566709981347,68,0.9147159009937582,0.9936526175578239,0.08729783078256603,0.0008221636827525636,dist_fisher_to_global,0.001,100,0.9157549496067106,0.991791405262119,0.08647566709981347,0.0,proxy_acc,0.05,100,0.9157549496067106,0.991791405262119,0.08647566709981347,0.0
regfull,hybrid_seq_mix0p25,parallel,5,100,100,0.9174821204485551,0.9898517334730897,0.08626316615262886,100,0.9174821204485551,0.9898517334730897,0.08626316615262886,0.0,dist_fisher_to_global,0.001,100,0.9174821204485551,0.9898517334730897,0.08626316615262886,0.0,proxy_acc,0.05,100,0.9174821204485551,0.9898517334730897,0.08626316615262886,0.0
regfull,ntd_b0p01_t0p5,parallel,5,100,100,0.921325824229718,0.9856319817349797,0.08588711819568162,70,0.9297634196596256,0.9860462637687809,0.09473899565939048,0.008851877463708857,proxy_kl,0.2,36,0.9166580297123245,0.9912950090744298,0.08688235101773822,0.000995232822056602,proxy_acc,0.05,100,0.921325824229718,0.9856319817349797,0.08588711819568162,0.0
regfull,hybrid_mix0p25,parallel,5,100,100,0.9157835683072427,0.9904589982670091,0.0851718788052358,95,0.916553676581412,0.9918280390446288,0.08731102785702471,0.0021391490517889133,dist_fisher_to_global,0.001,100,0.9157835683072427,0.9904589982670091,0.0851718788052358,0.0,proxy_acc,0.05,100,0.9157835683072427,0.9904589982670091,0.0851718788052358,0.0
regfull,hybrid_mix0p75,cyclic,5,100,100,0.911981235167849,0.9919430496704575,0.08285359706929052,96,0.9167554713674402,0.9923215072191891,0.08800629081761324,0.005152693748322723,dist_fisher_to_global,0.001,100,0.911981235167849,0.9919430496704575,0.08285359706929052,0.0,proxy_acc,0.05,100,0.911981235167849,0.9919430496704575,0.08285359706929052,0.0
regfull,hybrid_seq_mix0p75,parallel,5,100,100,0.911855881068327,0.9911428770082207,0.08192807030753169,92,0.9240668502610225,0.9931946769828011,0.09619083947480755,0.014262769167275868,proxy_kl,0.2,96,0.9211962072019302,0.9909136356978894,0.09103915513080352,0.009111084823271831,proxy_acc,0.05,100,0.911855881068327,0.9911428770082207,0.08192807030753169,0.0
regfull,fisher_scaled_lam0p1,cyclic,5,100,100,0.9118750636883424,0.9910303499984295,0.08183472591775587,93,0.9117875235584495,0.9914495133789573,0.08216634916839072,0.0003316232506348493,dist_fisher_to_global,0.001,100,0.9118750636883424,0.9910303499984295,0.08183472591775587,0.0,proxy_acc,0.05,100,0.9118750636883424,0.9910303499984295,0.08183472591775587,0.0
regfull,fisher_lam0p1,cyclic,5,100,100,0.9109583550473288,0.9914505490318256,0.08133821631013838,99,0.9146425655736447,0.9917146798602976,0.08528655766492621,0.003948341354787832,dist_fisher_to_global,0.001,100,0.9109583550473288,0.9914505490318256,0.08133821631013838,0.0,proxy_acc,0.05,100,0.9109583550473288,0.9914505490318256,0.08133821631013838,0.0
regfull,fisher_lam8,parallel,5,100,100,0.9111472026501048,0.9899668043833186,0.08004331926440744,94,0.9129680491939514,0.9911058225483341,0.08300318397326945,0.0029598647088620034,dist_fisher_to_global,0.001,100,0.9111472026501048,0.9899668043833186,0.08004331926440744,0.0,proxy_acc,0.05,13,0.8530298448786918,0.9952522051051851,0.027211362214860868,-0.052831957049546574
regfull,hybrid_mix0p5,parallel,5,100,100,0.9100856709087295,0.9908395919609635,0.07985457510067695,96,0.915682079631303,0.9908040435609662,0.08541543542325314,0.005560860322576189,dist_fisher_to_global,0.001,100,0.9100856709087295,0.9908395919609635,0.07985457510067695,0.0,proxy_acc,0.05,100,0.9100856709087295,0.9908395919609635,0.07985457510067695,0.0
regfull,hybrid_mix0p75,parallel,5,100,100,0.9090164509620487,0.9917520533424586,0.07969781653549135,96,0.9175585860390394,0.9915998925471023,0.0880877908171257,0.00838997428163435,dist_fisher_to_global,0.001,100,0.9090164509620487,0.9917520533424586,0.07969781653549135,0.0,proxy_acc,0.05,100,0.9090164509620487,0.9917520533424586,0.07969781653549135,0.0
regfull,feature_l2_lam0p01,cyclic,5,100,100,0.9156224975152213,0.9830468744849123,0.0775986842311176,51,0.9202601998981138,0.9885231552902447,0.08771266741934247,0.010113983188224873,proxy_kl,0.2,31,0.9164579123281248,0.9912583481579864,0.08664557271709517,0.009046888485977567,proxy_acc,0.05,96,0.9165790946381905,0.9812998498026722,0.07680825667184665,-0.0007904275592709453
regfull,kd_T2_a0p99,cyclic,5,100,100,0.9156219865011106,0.9819858765390773,0.07653717527117188,46,0.9231490295275405,0.9888278493899965,0.09090619114852094,0.014369015877349067,proxy_kl,0.2,40,0.9175404201341315,0.989930343115769,0.08640007548088446,0.009862900209712588,proxy_acc,0.05,100,0.9156219865011106,0.9819858765390773,0.07653717527117188,0.0
regfull,param_l2_mu0p0001,parallel,5,100,100,0.9117811177836493,0.9848704270623941,0.07558085707702744,77,0.9250670769150829,0.9858974441988327,0.08989383334489964,0.014312976267872202,proxy_acc,0.05,74,0.9212960727712908,0.9850242402297392,0.08524962523201396,0.009668768154986518,proxy_acc,0.05,74,0.9212960727712908,0.9850242402297392,0.08524962523201396,0.009668768154986518
regfull,kd_T0p25_a0p9,parallel,5,100,100,0.9175585155656565,0.9769307093916593,0.07341853718829972,47,0.9240102279772745,0.9868109596018828,0.08975049981014127,0.016331962621841556,kl_global_to_current,0.5,40,0.9166131882241109,0.9882585762194253,0.08380107667452008,0.010382539486220366,proxy_acc,0.05,100,0.9175585155656565,0.9769307093916593,0.07341853718829972,0.0
regfull,fisher_scaled_lam50,parallel,5,100,100,0.9043726379110251,0.9897788391213342,0.07308078926334327,97,0.9127796421319031,0.9911833334278305,0.08289228779071756,0.009811498527374285,dist_fisher_to_global,0.001,100,0.9043726379110251,0.9897788391213342,0.07308078926334327,0.0,proxy_acc,0.05,100,0.9043726379110251,0.9897788391213342,0.07308078926334327,0.0
regfull,feature_l2_lam0p001,parallel,5,100,100,0.915761309812106,0.9747581889601882,0.06944881100327815,47,0.9212616840787013,0.9861256235782593,0.08631661988794459,0.016867808884666435,proxy_acc,0.05,61,0.9202916287583693,0.9810290527459175,0.08024999373527075,0.010801182731992598,proxy_acc,0.05,61,0.9202916287583693,0.9810290527459175,0.08024999373527075,0.010801182731992598
regfull,param_l2_mu0,cyclic,5,100,100,0.9175344798040374,0.9682238048486741,0.06468759688369541,39,0.917443003382994,0.9875312733596195,0.08390358897359751,0.0192159920899021,proxy_kl,0.2,21,0.9035073328321037,0.9909922858480125,0.07342893091110014,0.008741334027404735,proxy_acc,0.05,56,0.9127948026350725,0.9810288308373228,0.07275294570337931,0.008065348819683904
combo,anchor_h2_ntd_b0p01_t0p5,parallel,5,100,100,0.9288498162850046,0.9869236859448692,0.09470281446085782,92,0.93072210533388,0.9874560086724571,0.09710742623732105,0.002404611776463228,dist_fisher_to_global,0.001,100,0.9288498162850046,0.9869236859448692,0.09470281446085782,0.0,proxy_acc,0.05,100,0.9288498162850046,0.9869236859448692,0.09470281446085782,0.0
combo,seq_fedavg_ntd_b0p01_t2,cyclic,5,100,100,0.9242268089605755,0.9906875014945784,0.09384362268613788,62,0.9288542039819025,0.9907247427706292,0.09850825898351567,0.004664636297377789,dist_fisher_to_global,0.001,100,0.9242268089605755,0.9906875014945784,0.09384362268613788,0.0,proxy_acc,0.05,100,0.9242268089605755,0.9906875014945784,0.09384362268613788,0.0
combo,seq_delta_capped_ntd_b0p01_t2,cyclic,5,100,100,0.9241667613997878,0.9905729551075652,0.09366902873833693,95,0.9280003074919955,0.9909157779354815,0.0978453976584609,0.004176368920123963,proxy_kl,0.2,58,0.9242025323875366,0.9911049810906746,0.09423682570919512,0.0005677969708581809,proxy_acc,0.05,100,0.9241667613997878,0.9905729551075652,0.09366902873833693,0.0
combo,eta_0p95_logit_l2_lam0p001,parallel,5,100,100,0.9250506588853863,0.9887126871746507,0.09269265829102091,67,0.9317367526051613,0.9903078500412751,0.10097391487742036,0.008281256586399444,proxy_kl,0.2,62,0.9260879845271056,0.9903451768642594,0.09536247362234895,0.0026698153313280404,proxy_acc,0.05,100,0.9250506588853863,0.9887126871746507,0.09269265829102091,0.0
combo,seq_mix_r0p3_logit_l2_lam0p003,cyclic,5,100,100,0.9232609709991045,0.9901963166669652,0.09238659989705367,50,0.9270196041340242,0.9923220416041938,0.09827095796920193,0.005884358072148266,dist_fisher_to_global,0.001,100,0.9232609709991045,0.9901963166669652,0.09238659989705367,0.0,proxy_acc,0.05,100,0.9232609709991045,0.9901963166669652,0.09238659989705367,0.0
combo,seq_mix_r0p3_ntd_b0p01_t2,cyclic,5,100,100,0.9232967419868532,0.989888725148577,0.0921147793664141,79,0.9279318252134857,0.9899275329273478,0.09678867037181749,0.0046738910054033855,proxy_acc,0.02,61,0.9241548558356213,0.9904201615607559,0.0935043296273611,0.0013895502609470034,proxy_acc,0.05,100,0.9232967419868532,0.989888725148577,0.0921147793664141,0.0
combo,weight_q0_ntd_b0p01_t0p5,parallel,5,100,100,0.927909466853695,0.9846806543569281,0.09151943344160707,88,0.9279737317733437,0.9862757219726789,0.09317876597700658,0.0016593325353995159,dist_fisher_to_global,0.001,100,0.927909466853695,0.9846806543569281,0.09151943344160707,0.0,proxy_acc,0.05,100,0.927909466853695,0.9846806543569281,0.09151943344160707,0.0
combo,anchor_h2_logit_l2_lam0p001,parallel,5,100,100,0.9222844849999942,0.9894313232306902,0.09064512046166828,86,0.9308501448244934,0.9909157709186759,0.1006952279741532,0.010050107512484918,dist_fisher_to_global,0.001,100,0.9222844849999942,0.9894313232306902,0.09064512046166828,0.0,proxy_acc,0.05,100,0.9222844849999942,0.9894313232306902,0.09064512046166828,0.0
combo,eta_0p95_ntd_b0p01_t0p5,parallel,5,100,100,0.9260268497778276,0.984755519708356,0.08971168171716748,72,0.9315711486821832,0.9869605019803874,0.09746096289355455,0.007749281176387068,dist_fisher_to_global,0.001,100,0.9260268497778276,0.984755519708356,0.08971168171716748,0.0,proxy_acc,0.05,100,0.9260268497778276,0.984755519708356,0.08971168171716748,0.0
combo,seq_fedavg_logit_l2_lam0p003,cyclic,5,100,100,0.9195601721050553,0.990917858405419,0.08940734274145823,52,0.9260495032442874,0.992589743582964,0.09756855905823536,0.008161216316777131,dist_fisher_to_global,0.001,100,0.9195601721050553,0.990917858405419,0.08940734274145823,0.0,proxy_acc,0.05,100,0.9195601721050553,0.990917858405419,0.08940734274145823,0.0
combo,weight_q0_hybrid_seq_mix0p5,parallel,5,100,100,0.9183579098535469,0.9918280685309291,0.08911529061545997,97,0.9193004726047738,0.9920987884862686,0.09032857332202637,0.0012132827065663987,dist_fisher_to_global,0.001,100,0.9183579098535469,0.9918280685309291,0.08911529061545997,0.0,proxy_acc,0.05,100,0.9183579098535469,0.9918280685309291,0.08911529061545997,0.0
combo,weight_q0_logit_l2_lam0p001,parallel,5,100,100,0.9213710063940054,0.9880651660573239,0.0883654846823132,77,0.9289275394020161,0.9885970457146589,0.09645389734765897,0.008088412665345768,proxy_kl,0.2,59,0.9251266590311646,0.9908421666376344,0.09489813789978296,0.006532653217469764,proxy_acc,0.05,100,0.9213710063940054,0.9880651660573239,0.0883654846823132,0.0
combo,seq_delta_capped_logit_l2_lam0p003,cyclic,5,100,100,0.9194541253941807,0.9898483952827987,0.08823183290796333,57,0.9250971234801791,0.9922459879655822,0.09627242367674527,0.008040590768781941,kl_global_to_current,0.5,31,0.9156565455317368,0.9944507529818079,0.08903661074452862,0.0008047778365652958,proxy_acc,0.05,100,0.9194541253941807,0.9898483952827987,0.08823183290796333,0.0
combo,anchor_h2_hybrid_seq_mix0p5,parallel,5,100,100,0.9146682244418429,0.9908342780414015,0.08443181471422834,98,0.9174300561997419,0.9927408522740554,0.0891002207047813,0.00466840599055296,dist_fisher_to_global,0.001,100,0.9146682244418429,0.9908342780414015,0.08443181471422834,0.0,proxy_acc,0.05,100,0.9146682244418429,0.9908342780414015,0.08443181471422834,0.0
combo,eta_0p95_hybrid_seq_mix0p5,parallel,5,100,100,0.9128648831161832,0.9920537054877683,0.08384790083493543,96,0.9157042676530568,0.9923991299104402,0.08703270979448097,0.0031848089595455376,dist_fisher_to_global,0.001,100,0.9128648831161832,0.9920537054877683,0.08384790083493543,0.0,proxy_acc,0.05,100,0.9128648831161832,0.9920537054877683,0.08384790083493543,0.0
combo,seq_delta_capped_hybrid_mix0p5,cyclic,5,100,100,0.9100287535183125,0.9920961164153688,0.0810541821646652,98,0.9174883807892965,0.9927427669658131,0.08916045998609357,0.008106277821428365,proxy_kl,0.2,86,0.9100478113696956,0.9928168325205254,0.08179395612120499,0.0007397739565397909,proxy_acc,0.05,100,0.9100287535183125,0.9920961164153688,0.0810541821646652,0.0
combo,seq_mix_r0p3_hybrid_mix0p5,cyclic,5,100,100,0.9099926418544899,0.9916755550070702,0.08059750909254404,94,0.917519514542883,0.9912980364364429,0.08774686321030989,0.007149354117765849,dist_fisher_to_global,0.001,100,0.9099926418544899,0.9916755550070702,0.08059750909254404,0.0,proxy_acc,0.05,100,0.9099926418544899,0.9916755550070702,0.08059750909254404,0.0
combo,seq_fedavg_hybrid_mix0p5,cyclic,5,100,100,0.9100673595697629,0.9901951038061848,0.07919177560693169,93,0.912872525752084,0.9922116302352035,0.08401346821827149,0.004821692611339801,dist_fisher_to_global,0.001,100,0.9100673595697629,0.9901951038061848,0.07919177560693169,0.0,proxy_acc,0.05,100,0.9100673595697629,0.9901951038061848,0.07919177560693169,0.0
c10d10,sequential,cyclic,5,100,100,0.9260538909411853,0.990116839576558,0.0951000427487273,79,0.9289273690639792,0.9904589808342179,0.09831566212918108,0.0032156193804537825,proxy_kl,0.2,54,0.9260505904327777,0.9911428092334673,0.09612271189722899,0.001022669148501687,proxy_acc,0.05,100,0.9260538909411853,0.990116839576558,0.0951000427487273,0.0
c10d10,winner,parallel,5,100,100,0.925143417736935,0.9869995970672893,0.09107232703520829,63,0.9308009156393818,0.9898516111628767,0.09958183903324247,0.00850951199803418,dist_fisher_to_global,0.001,100,0.925143417736935,0.9869995970672893,0.09107232703520829,0.0,proxy_acc,0.05,100,0.925143417736935,0.9869995970672893,0.09107232703520829,0.0
c10d10,balanced,parallel,5,100,100,0.9090162014247843,0.9928900115951425,0.08083552525091076,93,0.9156236096076897,0.9930463160202825,0.08759923785895618,0.006763712608045425,proxy_kl,0.2,95,0.9109629130822636,0.9913330698776116,0.08122529519085919,0.00038976993994843667,proxy_acc,0.05,100,0.9090162014247843,0.9928900115951425,0.08083552525091076,0.0
c10d10,control,cyclic,5,100,100,0.9136785753520389,0.969821269320406,0.06242915690342887,27,0.9119138400778296,0.9896217454839898,0.08046489779280341,0.01803574088937454,proxy_acc,0.05,57,0.9174864625760483,0.9800811934722381,0.07649696827927033,0.014067811375841455,proxy_acc,0.05,57,0.9174864625760483,0.9800811934722381,0.07649696827927033,0.014067811375841455
c10d10,control,parallel,5,100,100,0.9119530819120228,0.970349295020629,0.06123168916363586,40,0.9185780408825198,0.9875339181387366,0.08504127125224037,0.02380958208860451,proxy_kl,0.2,22,0.9072515909192073,0.9907660924753309,0.0769469956255221,0.015715306461886236,proxy_acc,0.05,45,0.9119255753039592,0.9808712537475787,0.07172614128252186,0.010494452118886
five,sequential,cyclic,5,100,100,0.9451973116435185,0.9854790404970867,0.10960566437158914,44,0.9530321740288396,0.9922865161821198,0.12424800244194334,0.0146423380703542,proxy_kl,0.2,42,0.9471973116435185,0.9907653723037204,0.11689199617822288,0.007286331806633739,proxy_acc,0.05,100,0.9451973116435185,0.9854790404970867,0.10960566437158914,0.0
five,winner,parallel,5,100,100,0.9454393501521703,0.9817571898989447,0.10612585228209892,83,0.9512742125374913,0.9835405921256187,0.11374411689409403,0.007618264611995107,proxy_kl,0.2,23,0.9390915799694337,0.9915629919498842,0.10958388415030185,0.0034580318682029265,proxy_acc,0.05,29,0.935275366050901,0.9914509284036601,0.10565560668554508,-0.0004702455965538421
five,balanced,parallel,5,100,100,0.9273534204582835,0.990084147909593,0.09636688059886045,69,0.9390519760090377,0.9920210014399455,0.11000228967996717,0.01363540908110672,dist_fisher_to_global,0.001,100,0.9273534204582835,0.990084147909593,0.09636688059886045,0.0,proxy_acc,0.05,100,0.9273534204582835,0.990084147909593,0.09636688059886045,0.0
five,control,parallel,5,100,100,0.9355372065397508,0.9429135974675683,0.05738011623830308,24,0.9371684808634065,0.9872677884816671,0.10336558157605757,0.045985465337754494,proxy_acc,0.05,18,0.9255570085199488,0.9883717868666692,0.09285810761760194,0.03547799137929886,proxy_acc,0.05,18,0.9255570085199488,0.9883717868666692,0.09285810761760194,0.03547799137929886
five,control,cyclic,5,100,100,0.9356339094139217,0.9396817050533197,0.05424492669822534,25,0.9490321740288395,0.9873082761907609,0.1152697624505844,0.06102483575235906,proxy_acc,0.05,26,0.941372068925072,0.983389762962322,0.10369114411837788,0.04944621742015254,proxy_acc,0.05,26,0.941372068925072,0.983389762962322,0.10369114411837788,0.04944621742015254
c20d10,sequential,cyclic,5,100,100,0.9179990394088835,0.9941468737599785,0.09107522539984592,97,0.9193876495124131,0.9942985821912862,0.0926155439346833,0.0015403185348373816,dist_fisher_to_global,0.001,100,0.9179990394088835,0.9941468737599785,0.09107522539984592,0.0,proxy_acc,0.05,100,0.9179990394088835,0.9941468737599785,0.09107522539984592,0.0
c20d10,winner,parallel,5,100,100,0.9099404687134979,0.9920942746429876,0.08096405558746944,92,0.9150918838885169,0.9920574726240265,0.08607866874352743,0.00511461315605799,proxy_kl,0.2,80,0.9113632018959588,0.993120866316868,0.08341338044381075,0.002449324856341306,proxy_acc,0.05,100,0.9099404687134979,0.9920942746429876,0.08096405558746944,0.0
c20d10,balanced,parallel,5,100,100,0.903444395711517,0.9954387651689055,0.07781247311140649,94,0.9052860130927042,0.9958575162513738,0.08007284157506189,0.0022603684636554044,dist_fisher_to_global,0.001,100,0.903444395711517,0.9954387651689055,0.07781247311140649,0.0,proxy_acc,0.05,100,0.903444395711517,0.9954387651689055,0.07781247311140649,0.0
c20d20,sequential,cyclic,5,100,100,0.9189554155798881,0.9940715284388447,0.09195625624971682,98,0.9193665976169686,0.9940707686022138,0.09236667845016633,0.0004104222004495117,dist_fisher_to_global,0.001,100,0.9189554155798881,0.9940715284388447,0.09195625624971682,0.0,proxy_acc,0.05,100,0.9189554155798881,0.9940715284388447,0.09195625624971682,0.0
c20d20,winner,parallel,5,100,100,0.9152062650726255,0.9913348349162112,0.08547041221982066,93,0.9151453120657056,0.9921709634528525,0.08624558774954205,0.0007751755297213947,dist_fisher_to_global,0.001,100,0.9152062650726255,0.9913348349162112,0.08547041221982066,0.0,proxy_acc,0.05,100,0.9152062650726255,0.9913348349162112,0.08547041221982066,0.0
c20d20,balanced,parallel,5,100,100,0.8992062894886473,0.995553203540273,0.07368880525990429,93,0.9066711262133571,0.9963518382843027,0.0819522767286438,0.008263471468739514,dist_fisher_to_global,0.001,100,0.8992062894886473,0.995553203540273,0.07368880525990429,0.0,proxy_acc,0.05,100,0.8992062894886473,0.995553203540273,0.07368880525990429,0.0
extreme,double,parallel,5,100,100,0.98098223615465,0.9373084107998271,0.097219959185461,36,0.9939393939393939,0.983922736066693,0.15679144223707087,0.059571483051609864,proxy_acc,0.002,19,0.98098223615465,0.9900056045946676,0.1499171529803015,0.0526971937948405,proxy_acc,0.05,59,0.9688610240334379,0.9593921513397268,0.10718248760414861,0.00996252841868761
extreme,dual,parallel,5,100,100,0.9743155694879833,0.8408434065219992,-0.0059117117590336,8,0.9939393939393939,0.9930834174446267,0.16595212361500455,0.17186383537403815,proxy_acc,0.001,8,0.9939393939393939,0.9930834174446267,0.16595212361500455,0.17186383537403815,proxy_acc,0.05,26,0.98098223615465,0.9587863225106051,0.11869787089623907,0.12460958265527267
extreme,single,parallel,5,100,100,0.9769736842105263,0.7374696853619179,-0.10662731819657179,3,0.9894736842105263,0.9936510996412052,0.16205409608271548,0.26868141427928727,proxy_kl,0.1,3,0.9894736842105263,0.9936510996412052,0.16205409608271548,0.26868141427928727,proxy_acc,0.05,20,0.9664473684210526,0.9563336918574123,0.10171037250944892,0.2083376907060207
